base_date,airport,airport_-1day,airport_-2day,총관광객,내국인,tourist_-1day,tourist_-2day,base_day,fri,mon,sat,sun,thu,tue,wed,평균기온,강수 계속시간(hr),일강수량(mm),최대 풍속(m/s),평균 풍속(m/s),weekend,holiday,holiandweekend,std_airport,month,01,02,03,04,05,06,07,08,09,10,11,12,관광지하차관광객(y)
20180701,3910,0,0,31614,27975,0,0,sun,0,0,0,1,0,0,0,27.3,22.5,7.5,7.0,3.0,1,0,1,-0.6235812524711097,07,0,0,0,0,0,0,1,0,0,0,0,0,1992
20180702,4209,3910,0,28653,25817,31614,0,mon,0,1,0,0,0,0,0,27.3,2.12,0.0,7.3,3.4,0,0,0,-0.3760075028538578,07,0,0,0,0,0,0,1,0,0,0,0,0,2401
20180703,3763,4209,3910,27514,23979,28653,31614,tue,0,0,0,0,0,1,0,24.1,7.1,1.6,10.0,4.8,0,0,0,-0.7452981126508289,07,0,0,0,0,0,0,1,0,0,0,0,0,2573
20180704,4472,3763,4209,37169,33461,27514,28653,wed,0,0,0,0,0,0,1,26.0,0.0,0.0,5.5,2.6,0,0,0,-0.15824196389286366,07,0,0,0,0,0,0,1,0,0,0,0,0,3798
20180705,3708,4472,3763,40192,36461,37169,27514,thu,0,0,0,0,1,0,0,24.8,5.67,0.0,5.4,2.4,0,0,0,-0.7908384344867782,07,0,0,0,0,0,0,1,0,0,0,0,0,3030
20180706,3528,3708,4472,39322,35988,40192,37169,fri,1,0,0,0,0,0,0,22.7,18.95,38.1,5.7,3.2,0,0,0,-0.939879487768067,07,0,0,0,0,0,0,1,0,0,0,0,0,2164
20180707,3071,3528,3708,39716,35752,39322,40192,sat,0,0,1,0,0,0,0,21.3,0.55,0.0,5.9,4.0,1,0,1,-1.318278161932228,07,0,0,0,0,0,0,1,0,0,0,0,0,2440
20180708,4807,3071,3528,39727,36320,39716,39322,sun,0,0,0,1,0,0,0,20.9,17.78,1.3,5.6,3.8,1,0,1,0.119139996380646,07,0,0,0,0,0,0,1,0,0,0,0,0,2326
20180709,4765,4807,3071,40854,37626,39727,39716,mon,0,1,0,0,0,0,0,24.6,3.67,0.1,5.1,2.7,0,0,0,0.08436375061501196,07,0,0,0,0,0,0,1,0,0,0,0,0,2859
20180710,5181,4765,4807,38815,35482,40854,39727,tue,0,0,0,0,0,1,0,28.3,0.0,0.0,7.3,3.6,0,0,0,0.42881418486510153,07,0,0,0,0,0,0,1,0,0,0,0,0,3688
20180711,4290,5181,4765,41407,37613,38815,40854,wed,0,0,0,0,0,0,1,30.0,0.0,0.0,7.8,2.8,0,0,0,-0.30893902887727787,07,0,0,0,0,0,0,1,0,0,0,0,0,3788
20180712,4547,4290,5181,41813,38332,41407,38815,thu,0,0,0,0,1,0,0,28.0,0.0,0.0,3.6,1.8,0,0,0,-0.09614152502566,07,0,0,0,0,0,0,1,0,0,0,0,0,3266
20180713,3494,4547,4290,40774,37228,41813,41407,fri,1,0,0,0,0,0,0,26.7,0.0,0.0,5.2,1.9,0,0,0,-0.9680316867211993,07,0,0,0,0,0,0,1,0,0,0,0,0,3027
20180714,3258,3494,4547,42413,37912,40774,41813,sat,0,0,1,0,0,0,0,26.9,0.0,0.0,4.2,1.7,1,0,1,-1.1634410676900002,07,0,0,0,0,0,0,1,0,0,0,0,0,2789
20180715,4764,3258,3494,42192,38430,42413,40774,sun,0,0,0,1,0,0,0,27.0,0.0,0.0,4.0,1.8,1,0,1,0.08353574476344924,07,0,0,0,0,0,0,1,0,0,0,0,0,2718
20180716,4774,4764,3258,41801,38223,42192,42413,mon,0,1,0,0,0,0,0,27.0,0.0,0.0,5.1,2.0,0,0,0,0.0918158032790764,07,0,0,0,0,0,0,1,0,0,0,0,0,3737
20180717,4890,4774,4764,39118,35319,41801,42192,tue,0,0,0,0,0,1,0,27.3,0.0,0.0,3.8,1.7,0,0,0,0.1878644820603514,07,0,0,0,0,0,0,1,0,0,0,0,0,4375
20180718,4353,4890,4774,39322,35938,39118,41801,wed,0,0,0,0,0,0,1,27.7,0.0,0.0,4.6,1.9,0,0,0,-0.2567746602288268,07,0,0,0,0,0,0,1,0,0,0,0,0,4597
20180719,4656,4353,4890,38874,35358,39322,39118,thu,0,0,0,0,1,0,0,27.8,0.0,0.0,2.9,1.5,0,0,0,-0.005888887205324019,07,0,0,0,0,0,0,1,0,0,0,0,0,4211
20180720,3664,4656,4353,38461,34819,38874,39322,fri,1,0,0,0,0,0,0,28.8,0.0,0.0,6.1,2.8,0,0,0,-0.8272706919555377,07,0,0,0,0,0,0,1,0,0,0,0,0,3802
20180721,3601,3664,4656,41497,37071,38461,38874,sat,0,0,1,0,0,0,0,28.9,0.0,0.0,7.1,3.2,1,0,1,-0.8794350606039888,07,0,0,0,0,0,0,1,0,0,0,0,0,3377
20180722,4347,3601,3664,39383,36004,41497,38461,sun,0,0,0,1,0,0,0,29.2,13.78,0.1,6.7,3.7,1,0,1,-0.26174269533820305,07,0,0,0,0,0,0,1,0,0,0,0,0,2867
20180723,4296,4347,3601,36935,33428,39383,41497,mon,0,1,0,0,0,0,0,29.9,0.0,0.0,5.0,2.3,0,0,0,-0.30397099376790154,07,0,0,0,0,0,0,1,0,0,0,0,0,3500
20180724,4270,4296,4347,36236,32487,36935,39383,tue,0,0,0,0,0,1,0,29.2,0.0,0.0,4.2,2.0,0,0,0,-0.32549914590853213,07,0,0,0,0,0,0,1,0,0,0,0,0,3604
20180725,3841,4270,4296,40662,36822,36236,36935,wed,0,0,0,0,0,0,1,29.1,0.0,0.0,4.9,2.1,0,0,0,-0.6807136562289371,07,0,0,0,0,0,0,1,0,0,0,0,0,3583
20180726,4121,3841,4270,42095,37829,40662,36236,thu,0,0,0,0,1,0,0,29.1,0.0,0.0,4.0,2.2,0,0,0,-0.44887201779137675,07,0,0,0,0,0,0,1,0,0,0,0,0,3528
20180727,4188,4121,3841,46538,43054,42095,40662,fri,1,0,0,0,0,0,0,29.3,0.0,0.0,4.2,2.5,0,0,0,-0.3933956257366748,07,0,0,0,0,0,0,1,0,0,0,0,0,3509
20180728,3571,4188,4121,50225,45785,46538,42095,sat,0,0,1,0,0,0,0,29.1,0.0,0.0,3.5,2.3,1,0,1,-0.9042752361508702,07,0,0,0,0,0,0,1,0,0,0,0,0,3238
20180729,4306,3571,4188,50172,46097,50225,46538,sun,0,0,0,1,0,0,0,29.4,0.0,0.0,4.7,2.5,1,0,1,-0.2956909352522744,07,0,0,0,0,0,0,1,0,0,0,0,0,3138
20180730,4618,4306,3571,47541,44025,50172,50225,mon,0,1,0,0,0,0,0,28.9,0.45,0.0,7.0,3.5,0,0,0,-0.0373531095647072,07,0,0,0,0,0,0,1,0,0,0,0,0,3416
20180731,4822,4618,4306,46898,42921,47541,50172,tue,0,0,0,0,0,1,0,28.7,0.0,0.0,5.0,2.5,0,0,0,0.13156008415408674,07,0,0,0,0,0,0,1,0,0,0,0,0,3731
20180801,3250,4822,4618,49316,45030,46898,47541,wed,0,0,0,0,0,0,1,29.2,0.0,0.0,6.6,3.0,0,0,0,-1.1700651145025018,08,0,0,0,0,0,0,0,1,0,0,0,0,3668
20180802,3934,3250,4822,49065,44541,49316,46898,thu,0,0,0,0,1,0,0,29.0,0.93,0.0,8.4,4.0,0,0,0,-0.6037091120336046,08,0,0,0,0,0,0,0,1,0,0,0,0,3406
20180803,4227,3934,3250,45017,41048,49065,49316,fri,1,0,0,0,0,0,0,30.0,6.73,0.9,6.3,3.4,0,0,0,-0.3611033975257289,08,0,0,0,0,0,0,0,1,0,0,0,0,3395
20180804,4246,4227,3934,45253,40509,45017,49065,sat,0,0,1,0,0,0,0,29.5,0.0,0.0,3.9,1.9,1,0,1,-0.3453712863460373,08,0,0,0,0,0,0,0,1,0,0,0,0,3334
20180805,3805,4246,4227,45892,41463,45253,45017,sun,0,0,0,1,0,0,0,29.9,0.0,0.0,4.6,2.5,1,0,1,-0.7105218668851948,08,0,0,0,0,0,0,0,1,0,0,0,0,3168
20180806,3978,3805,4246,44677,40961,45892,45253,mon,0,1,0,0,0,0,0,30.1,0.0,0.0,4.1,2.4,0,0,0,-0.567276854564845,08,0,0,0,0,0,0,0,1,0,0,0,0,3719
20180807,4521,3978,3805,41263,36752,44677,45892,tue,0,0,0,0,0,1,0,29.7,0.0,0.0,6.4,2.9,0,0,0,-0.11766967716629059,08,0,0,0,0,0,0,0,1,0,0,0,0,3576
20180808,3809,4521,3978,42774,38483,41263,44677,wed,0,0,0,0,0,0,1,29.3,0.0,0.0,6.5,2.8,0,0,0,-0.707209843478944,08,0,0,0,0,0,0,0,1,0,0,0,0,3554
20180809,4294,3809,4521,42487,37914,42774,41263,thu,0,0,0,0,1,0,0,29.6,0.0,0.0,4.0,2.3,0,0,0,-0.305627005471027,08,0,0,0,0,0,0,0,1,0,0,0,0,3641
20180810,3992,4294,3809,44152,39931,42487,42774,fri,1,0,0,0,0,0,0,29.9,0.0,0.0,4.4,2.5,0,0,0,-0.555684772642967,08,0,0,0,0,0,0,0,1,0,0,0,0,3442
20180811,3620,3992,4294,47966,42898,44152,42487,sat,0,0,1,0,0,0,0,28.8,2.05,0.0,7.3,3.7,1,0,1,-0.8637029494242972,08,0,0,0,0,0,0,0,1,0,0,0,0,3299
20180812,3823,3620,3992,45674,40731,47966,44152,sun,0,0,0,1,0,0,0,29.8,4.87,41.1,5.7,3.2,1,0,1,-0.6956177615570659,08,0,0,0,0,0,0,0,1,0,0,0,0,2990
20180813,4960,3823,3620,42037,38054,45674,47966,mon,0,1,0,0,0,0,0,31.1,1.68,0.2,7.3,3.8,0,0,0,0.24582489166974145,08,0,0,0,0,0,0,0,1,0,0,0,0,3194
20180814,4697,4960,3823,42044,37638,42037,45674,tue,0,0,0,0,0,1,0,31.2,0.0,0.0,5.9,3.1,0,0,0,0.02805935270874731,08,0,0,0,0,0,0,0,1,0,0,0,0,3645
20180815,3711,4697,4960,44902,40600,42044,42037,wed,0,0,0,0,0,0,1,29.7,1.38,1.4,7.5,3.5,0,0,0,-0.7883544169320901,08,0,0,0,0,0,0,0,1,0,0,0,0,3484
20180816,4436,3711,4697,40608,36552,44902,42044,thu,0,0,0,0,1,0,0,27.5,13.95,12.7,8.3,3.7,0,0,0,-0.1880501745491214,08,0,0,0,0,0,0,0,1,0,0,0,0,3204
20180817,3718,4436,3711,40332,36242,40608,44902,fri,1,0,0,0,0,0,0,26.2,7.6,8.0,8.0,4.6,0,0,0,-0.7825583759711511,08,0,0,0,0,0,0,0,1,0,0,0,0,3599
20180818,3792,3718,4436,41923,37213,40332,40608,sat,0,0,1,0,0,0,0,26.7,0.0,0.0,7.3,3.7,1,0,1,-0.7212859429555101,08,0,0,0,0,0,0,0,1,0,0,0,0,3736
20180819,4511,3792,3718,43756,39502,41923,40332,sun,0,0,0,1,0,0,0,28.3,0.0,0.0,5.6,2.7,1,0,1,-0.12594973568191775,08,0,0,0,0,0,0,0,1,0,0,0,0,3445
20180820,5097,4511,3792,43564,39403,43756,41923,mon,0,1,0,0,0,0,0,29.2,0.0,0.0,5.2,2.4,0,0,0,0.35926169333383345,08,0,0,0,0,0,0,0,1,0,0,0,0,3752
20180821,5067,5097,4511,38700,34441,43564,43756,tue,0,0,0,0,0,1,0,28.1,0.0,0.0,5.9,2.6,0,0,0,0.334421517786952,08,0,0,0,0,0,0,0,1,0,0,0,0,4250
20180822,3082,5067,5097,21715,19199,38700,43564,wed,0,0,0,0,0,0,1,27.8,10.92,36.9,14.2,5.8,0,0,0,-1.309170097565038,08,0,0,0,0,0,0,0,1,0,0,0,0,2874
20180823,1109,3082,5067,0,0,21715,38700,thu,0,0,0,0,1,0,0,26.5,17.22,265.4,14.9,9.8,0,0,0,-2.9428256426982755,08,0,0,0,0,0,0,0,1,0,0,0,0,1028
20180824,4380,1109,3082,42676,37247,0,21715,fri,1,0,0,0,0,0,0,27.2,0.2,0.0,11.9,5.6,0,0,0,-0.23441850223663346,08,0,0,0,0,0,0,0,1,0,0,0,0,3779
20180825,4047,4380,1109,44539,39330,42676,0,sat,0,0,1,0,0,0,0,26.4,2.05,1.4,6.0,2.1,1,0,1,-0.5101444508070176,08,0,0,0,0,0,0,0,1,0,0,0,0,2990
20180826,4333,4047,4380,42637,38138,44539,42676,sun,0,0,0,1,0,0,0,28.3,6.82,8.5,5.0,1.8,1,0,1,-0.2733347772600811,08,0,0,0,0,0,0,0,1,0,0,0,0,2904
20180827,5090,4333,4047,43772,39691,42637,44539,mon,0,1,0,0,0,0,0,28.4,0.23,0.0,5.3,2.1,0,0,0,0.35346565237289446,08,0,0,0,0,0,0,0,1,0,0,0,0,3576
20180828,4907,5090,4333,42041,37807,43772,42637,tue,0,0,0,0,0,1,0,27.8,0.0,0.0,3.8,1.7,0,0,0,0.20194058153691755,08,0,0,0,0,0,0,0,1,0,0,0,0,4307
20180829,4676,4907,5090,41807,36092,42041,43772,wed,0,0,0,0,0,0,1,28.5,0.0,0.0,5.9,1.8,0,0,0,0.010671229825930289,08,0,0,0,0,0,0,0,1,0,0,0,0,4459
20180830,4235,4676,4907,39464,35179,41807,42041,thu,0,0,0,0,1,0,0,28.9,1.03,0.0,7.0,2.4,0,0,0,-0.35447935071322717,08,0,0,0,0,0,0,0,1,0,0,0,0,4055
20180831,4194,4235,4676,39581,35611,39464,41807,fri,1,0,0,0,0,0,0,30.0,0.0,0.0,7.9,3.8,0,0,0,-0.38842759062729854,08,0,0,0,0,0,0,0,1,0,0,0,0,3370
20180901,3374,4194,4235,41270,36731,39581,39464,sat,0,0,1,0,0,0,0,25.8,7.63,9.5,7.4,3.4,1,0,1,-1.0673923889087251,09,0,0,0,0,0,0,0,0,1,0,0,0,2548
20180902,4458,3374,4194,39400,35480,41270,39581,sun,0,0,0,1,0,0,0,24.9,5.75,1.1,4.9,2.2,1,0,1,-0.16983404581474165,09,0,0,0,0,0,0,0,0,1,0,0,0,2712
20180903,3819,4458,3374,39819,35483,39400,41270,mon,0,1,0,0,0,0,0,27.0,2.78,0.5,5.0,1.4,0,0,0,-0.6989297849633168,09,0,0,0,0,0,0,0,0,1,0,0,0,2773
20180904,3482,3819,4458,36212,32068,39819,39400,tue,0,0,0,0,0,1,0,26.2,1.92,7.1,7.5,3.9,0,0,0,-0.9779677569399519,09,0,0,0,0,0,0,0,0,1,0,0,0,2979
20180905,4095,3482,3819,39231,35182,36212,39819,wed,0,0,0,0,0,0,1,26.6,0.0,0.0,7.3,3.3,0,0,0,-0.47040016993200734,09,0,0,0,0,0,0,0,0,1,0,0,0,3062
20180906,3876,4095,3482,42950,38711,39231,36212,thu,0,0,0,0,1,0,0,26.2,1.8,0.0,3.7,2.0,0,0,0,-0.651733451424242,09,0,0,0,0,0,0,0,0,1,0,0,0,3045
20180907,4135,3876,4095,42618,38642,42950,39231,fri,1,0,0,0,0,0,0,24.3,10.03,11.8,7.8,2.5,0,0,0,-0.43727993586949876,09,0,0,0,0,0,0,0,0,1,0,0,0,2959
20180908,3869,4135,3876,43067,38273,42618,42950,sat,0,0,1,0,0,0,0,22.3,2.47,0.0,5.5,2.2,1,0,1,-0.657529492385181,09,0,0,0,0,0,0,0,0,1,0,0,0,3102
20180909,4725,3869,4135,38823,35078,43067,42618,sun,0,0,0,1,0,0,0,23.0,0.0,0.0,4.4,2.1,1,0,1,0.051243516552503345,09,0,0,0,0,0,0,0,0,1,0,0,0,3144
20180910,4289,4725,3869,40950,37090,38823,43067,mon,0,1,0,0,0,0,0,23.0,0.28,0.0,7.1,3.3,0,0,0,-0.30976703472884054,09,0,0,0,0,0,0,0,0,1,0,0,0,3021
20180911,3695,4289,4725,39651,35626,40950,38823,tue,0,0,0,0,0,1,0,22.3,9.72,0.2,7.0,4.0,0,0,0,-0.8016025105570935,09,0,0,0,0,0,0,0,0,1,0,0,0,3049
20180912,3890,3695,4289,39952,36303,39651,40950,wed,0,0,0,0,0,0,1,23.0,6.75,0.2,5.0,2.8,0,0,0,-0.640141369502364,09,0,0,0,0,0,0,0,0,1,0,0,0,3004
20180913,3766,3890,3695,41343,37391,39952,39651,thu,0,0,0,0,1,0,0,23.5,20.65,139.3,5.5,2.4,0,0,0,-0.7428140950961407,09,0,0,0,0,0,0,0,0,1,0,0,0,2192
20180914,3795,3766,3890,40935,37024,41343,39952,fri,1,0,0,0,0,0,0,25.3,0.13,0.0,4.0,2.0,0,0,0,-0.718801925400822,09,0,0,0,0,0,0,0,0,1,0,0,0,2968
20180915,3856,3795,3766,39146,34487,40935,41343,sat,0,0,1,0,0,0,0,25.2,1.87,0.4,4.7,2.7,1,0,1,-0.6682935684554964,09,0,0,0,0,0,0,0,0,1,0,0,0,3040
20180916,4392,3856,3795,33925,30286,39146,40935,sun,0,0,0,1,0,0,0,25.5,0.0,0.0,4.3,2.0,1,0,1,-0.22448243201788087,09,0,0,0,0,0,0,0,0,1,0,0,0,3037
20180917,4347,4392,3856,36923,33049,33925,39146,mon,0,1,0,0,0,0,0,24.6,2.92,0.1,4.8,1.5,0,0,0,-0.26174269533820305,09,0,0,0,0,0,0,0,0,1,0,0,0,2782
20180918,3694,4347,4392,29944,25940,36923,33925,tue,0,0,0,0,0,1,0,25.0,0.0,0.0,4.0,2.0,0,0,0,-0.8024305164086563,09,0,0,0,0,0,0,0,0,1,0,0,0,3106
20180919,4074,3694,4347,29455,25599,29944,36923,wed,0,0,0,0,0,0,1,23.3,5.62,0.0,3.7,1.6,0,0,0,-0.4877882928148244,09,0,0,0,0,0,0,0,0,1,0,0,0,3106
20180920,5347,4074,3694,37432,32828,29455,29944,thu,0,0,0,0,1,0,0,25.2,7.63,11.6,7.1,3.0,0,0,0,0.5662631562245123,09,0,0,0,0,0,0,0,0,1,0,0,0,2918
20180921,5187,5347,4074,44129,39699,37432,29455,fri,1,0,0,0,0,0,0,24.5,3.98,2.9,8.7,2.8,0,0,0,0.43378221997447786,09,0,0,0,0,0,0,0,0,1,0,0,0,3083
20180922,3786,5187,5347,49966,44641,44129,37432,sat,0,0,1,0,0,0,0,24.2,0.0,0.0,2.9,1.7,1,0,1,-0.7262539780648865,09,0,0,0,0,0,0,0,0,1,0,0,0,3444
20180923,3812,3786,5187,47760,44222,49966,44129,sun,0,0,0,1,0,0,0,24.4,0.48,0.0,5.2,2.7,1,1,1,-0.7047258259242558,09,0,0,0,0,0,0,0,0,1,0,0,0,2887
20180924,3677,3812,3786,42066,38394,47760,49966,mon,0,1,0,0,0,0,0,21.9,0.0,0.0,4.2,2.0,0,1,1,-0.8165066158852223,09,0,0,0,0,0,0,0,0,1,0,0,0,2854
20180925,5131,3677,3812,43123,38845,42066,47760,tue,0,0,0,0,0,1,0,21.5,0.0,0.0,6.3,4.0,0,1,1,0.38741389228696577,09,0,0,0,0,0,0,0,0,1,0,0,0,3118
20180926,7333,5131,3677,44378,40057,43123,42066,wed,0,0,0,0,0,0,1,22.2,0.78,0.0,8.0,4.8,0,0,0,2.210682777428065,09,0,0,0,0,0,0,0,0,1,0,0,0,2783
20180927,5821,7333,5131,39342,35068,44378,43123,thu,0,0,0,0,1,0,0,21.2,0.0,0.0,6.3,3.3,0,0,0,0.9587379298652394,09,0,0,0,0,0,0,0,0,1,0,0,0,3201
20180928,4357,5821,7333,36891,32952,39342,44378,fri,1,0,0,0,0,0,0,21.7,2.15,0.0,6.1,3.2,0,0,0,-0.2534626368225759,09,0,0,0,0,0,0,0,0,1,0,0,0,3327
20180929,3272,4357,5821,38266,33234,36891,39342,sat,0,0,1,0,0,0,0,20.7,11.32,3.0,7.7,4.2,1,0,1,-1.151848985768122,09,0,0,0,0,0,0,0,0,1,0,0,0,2423
20180930,4939,3272,4357,38467,33949,38266,36891,sun,0,0,0,1,0,0,0,21.9,0.0,0.0,9.0,5.8,1,0,1,0.22843676878692443,09,0,0,0,0,0,0,0,0,1,0,0,0,3066
20181001,4126,4939,3272,35866,31194,38467,38266,mon,0,1,0,0,0,0,0,21.3,0.62,0.0,8.6,5.6,0,0,0,-0.44473198853356316,10,0,0,0,0,0,0,0,0,0,1,0,0,3411
20181002,3941,4126,4939,36014,31507,35866,38467,tue,0,0,0,0,0,1,0,20.7,0.0,0.0,4.7,3.0,0,0,0,-0.5979130710726656,10,0,0,0,0,0,0,0,0,0,1,0,0,3503
20181003,3478,3941,4126,36422,31212,36014,35866,wed,0,0,0,0,0,0,1,19.2,0.0,0.0,3.3,1.8,0,1,1,-0.9812797803462028,10,0,0,0,0,0,0,0,0,0,1,0,0,3544
20181004,3820,3478,3941,31629,27139,36422,36014,thu,0,0,0,0,1,0,0,20.4,10.42,3.4,6.6,3.3,0,0,0,-0.6981017791117541,10,0,0,0,0,0,0,0,0,0,1,0,0,3044
20181005,2045,3820,3478,17415,14929,31629,36422,fri,1,0,0,0,0,0,0,21.6,24.0,310.0,15.1,6.5,0,0,0,-2.1678121656355738,10,0,0,0,0,0,0,0,0,0,1,0,0,1269
20181006,1889,2045,3820,27387,23671,17415,31629,sat,0,0,1,0,0,0,0,21.1,8.4,27.4,12.7,6.0,1,0,1,-2.2969810784793574,10,0,0,0,0,0,0,0,0,0,1,0,0,1787
20181007,3603,1889,2045,43037,38843,27387,17415,sun,0,0,0,1,0,0,0,20.6,0.0,0.0,3.9,2.3,1,0,1,-0.8777790489008633,10,0,0,0,0,0,0,0,0,0,1,0,0,2734
20181008,3837,3603,1889,37762,33567,43037,27387,mon,0,1,0,0,0,0,0,19.2,0.0,0.0,4.2,2.0,0,0,0,-0.6840256796351879,10,0,0,0,0,0,0,0,0,0,1,0,0,2764
20181009,3907,3837,3603,37850,33773,37762,43037,tue,0,0,0,0,0,1,0,20.3,1.32,0.0,4.5,1.9,0,1,1,-0.6260652700257978,10,0,0,0,0,0,0,0,0,0,1,0,0,2689
20181010,3703,3907,3837,43957,39279,37850,37762,wed,0,0,0,0,0,0,1,18.3,0.58,0.0,7.1,3.4,0,0,0,-0.7949784637445918,10,0,0,0,0,0,0,0,0,0,1,0,0,2638
20181011,3854,3703,3907,42762,38446,43957,37850,thu,0,0,0,0,1,0,0,16.3,0.0,0.0,6.5,3.9,0,0,0,-0.6699495801586217,10,0,0,0,0,0,0,0,0,0,1,0,0,2751
20181012,3599,3854,3703,44520,40253,42762,43957,fri,1,0,0,0,0,0,0,15.6,0.0,0.0,5.9,2.8,0,0,0,-0.8810910723071141,10,0,0,0,0,0,0,0,0,0,1,0,0,2810
20181013,3746,3599,3854,46766,41940,44520,42762,sat,0,0,1,0,0,0,0,15.4,0.0,0.0,3.7,2.0,1,0,1,-0.759374212127395,10,0,0,0,0,0,0,0,0,0,1,0,0,2693
20181014,5035,3746,3599,44048,39986,46766,44520,sun,0,0,0,1,0,0,0,17.6,1.98,0.0,4.3,2.1,1,0,1,0.3079253305369451,10,0,0,0,0,0,0,0,0,0,1,0,0,2466
20181015,4153,5035,3746,44393,40043,44048,46766,mon,0,1,0,0,0,0,0,18.7,0.0,0.0,4.6,2.4,0,0,0,-0.42237583054136985,10,0,0,0,0,0,0,0,0,0,1,0,0,2689
20181016,3627,4153,5035,45031,40602,44393,44048,tue,0,0,0,0,0,1,0,16.1,4.57,3.2,7.2,2.1,0,0,0,-0.8579069084633582,10,0,0,0,0,0,0,0,0,0,1,0,0,2374
20181017,4256,3627,4153,44672,39632,45031,44393,wed,0,0,0,0,0,0,1,16.8,0.0,0.0,3.9,2.1,0,0,0,-0.3370912278304102,10,0,0,0,0,0,0,0,0,0,1,0,0,2630
20181018,4045,4256,3627,44202,39775,44672,45031,thu,0,0,0,0,1,0,0,16.6,0.0,0.0,5.2,3.6,0,0,0,-0.5118004625101431,10,0,0,0,0,0,0,0,0,0,1,0,0,2809
20181019,3698,4045,4256,45424,41102,44202,44672,fri,1,0,0,0,0,0,0,16.1,0.0,0.0,4.8,2.4,0,0,0,-0.7991184930024053,10,0,0,0,0,0,0,0,0,0,1,0,0,2781
20181020,3609,3698,4045,44811,39902,45424,44202,sat,0,0,1,0,0,0,0,16.3,0.0,0.0,4.5,2.3,1,0,1,-0.8728110137914871,10,0,0,0,0,0,0,0,0,0,1,0,0,2572
20181021,4780,3609,3698,42038,38371,44811,45424,sun,0,0,0,1,0,0,0,17.1,0.0,0.0,6.2,2.7,1,0,1,0.09678383838845268,10,0,0,0,0,0,0,0,0,0,1,0,0,2536
20181022,3973,4780,3609,43916,39614,42038,44811,mon,0,1,0,0,0,0,0,17.4,4.37,0.3,3.9,1.9,0,0,0,-0.5714168838226586,10,0,0,0,0,0,0,0,0,0,1,0,0,2513
20181023,4212,3973,4780,42215,37837,43916,42038,tue,0,0,0,0,0,1,0,18.5,0.0,0.0,4.7,2.0,0,0,0,-0.3735234852991696,10,0,0,0,0,0,0,0,0,0,1,0,0,2557
20181024,3703,4212,3973,43227,37099,42215,43916,wed,0,0,0,0,0,0,1,16.8,0.0,0.0,4.1,2.3,0,0,0,-0.7949784637445918,10,0,0,0,0,0,0,0,0,0,1,0,0,2802
20181025,4158,3703,4212,41964,38162,43227,42215,thu,0,0,0,0,1,0,0,17.4,0.0,0.0,7.0,2.9,0,0,0,-0.41823580128355625,10,0,0,0,0,0,0,0,0,0,1,0,0,2691
20181026,3452,4158,3703,43712,39891,41964,43227,fri,1,0,0,0,0,0,0,18.5,3.47,2.7,10.0,3.5,0,0,0,-1.0028079324868333,10,0,0,0,0,0,0,0,0,0,1,0,0,2475
20181027,3736,3452,4158,44703,40337,43712,41964,sat,0,0,1,0,0,0,0,15.6,0.0,0.0,9.2,6.2,1,0,1,-0.7676542706430222,10,0,0,0,0,0,0,0,0,0,1,0,0,2719
20181028,4660,3736,3452,41281,37814,44703,43712,sun,0,0,0,1,0,0,0,17.5,0.0,0.0,8.7,5.0,1,0,1,-0.0025768637990731575,10,0,0,0,0,0,0,0,0,0,1,0,0,2463
20181029,4364,4660,3736,40996,37425,41281,44703,mon,0,1,0,0,0,0,0,18.0,0.0,0.0,6.8,3.8,0,0,0,-0.24766659586163692,10,0,0,0,0,0,0,0,0,0,1,0,0,2405
20181030,3932,4364,4660,38029,34187,40996,41281,tue,0,0,0,0,0,1,0,14.8,0.0,0.0,4.6,2.9,0,0,0,-0.6053651237367299,10,0,0,0,0,0,0,0,0,0,1,0,0,2691
20181031,4684,3932,4364,41070,36082,38029,40996,wed,0,0,0,0,0,0,1,14.1,0.0,0.0,5.2,3.3,0,0,0,0.01729527663843201,10,0,0,0,0,0,0,0,0,0,1,0,0,2594
20181101,3730,4684,3932,40789,36996,41070,38029,thu,0,0,0,0,1,0,0,13.4,0.0,0.0,5.2,3.1,0,0,0,-0.7726223057523984,11,0,0,0,0,0,0,0,0,0,0,1,0,2423
20181102,3404,3730,4684,42800,38821,40789,41070,fri,1,0,0,0,0,0,0,14.4,0.0,0.0,5.3,2.6,0,0,0,-1.0425522133618437,11,0,0,0,0,0,0,0,0,0,0,1,0,2537
20181103,3317,3404,3730,44277,39619,42800,40789,sat,0,0,1,0,0,0,0,15.2,0.0,0.0,5.4,2.5,1,0,1,-1.1145887224478,11,0,0,0,0,0,0,0,0,0,0,1,0,2385
20181104,4868,3317,3404,43453,37458,44277,42800,sun,0,0,0,1,0,0,0,15.2,0.0,0.0,3.5,2.1,1,0,1,0.16964835332597164,11,0,0,0,0,0,0,0,0,0,0,1,0,2601
20181105,4287,4868,3317,41043,37112,43453,44277,mon,0,1,0,0,0,0,0,15.0,0.0,0.0,3.4,2.0,0,0,0,-0.311423046431966,11,0,0,0,0,0,0,0,0,0,0,1,0,2431
20181106,3477,4287,4868,37920,33835,41043,43453,tue,0,0,0,0,0,1,0,16.5,0.0,0.0,4.8,2.4,0,0,0,-0.9821077861977654,11,0,0,0,0,0,0,0,0,0,0,1,0,2452
20181107,4024,3477,4287,38085,34504,37920,41043,wed,0,0,0,0,0,0,1,17.4,10.8,1.5,4.3,1.9,0,0,0,-0.5291885853929601,11,0,0,0,0,0,0,0,0,0,0,1,0,2233
20181108,3499,4024,3477,39884,36040,38085,37920,thu,0,0,0,0,1,0,0,17.7,14.57,18.5,8.7,3.2,0,0,0,-0.9638916574633857,11,0,0,0,0,0,0,0,0,0,0,1,0,1874
20181109,3594,3499,4024,42176,38432,39884,38085,fri,1,0,0,0,0,0,0,14.6,3.3,0.0,7.3,3.9,0,0,0,-0.8852311015649278,11,0,0,0,0,0,0,0,0,0,0,1,0,2351
20181110,3531,3594,3499,43858,39359,42176,39884,sat,0,0,1,0,0,0,0,13.6,0.0,0.0,3.2,1.8,1,0,1,-0.9373954702133788,11,0,0,0,0,0,0,0,0,0,0,1,0,2331
20181111,4903,3531,3594,37549,33959,43858,42176,sun,0,0,0,1,0,0,0,14.6,6.12,2.4,5.2,2.5,1,0,1,0.19862855813066668,11,0,0,0,0,0,0,0,0,0,0,1,0,2038
20181112,4390,4903,3531,38780,35059,37549,43858,mon,0,1,0,0,0,0,0,13.8,3.77,2.2,7.2,3.7,0,0,0,-0.2261384437210063,11,0,0,0,0,0,0,0,0,0,0,1,0,2168
20181113,3840,4390,4903,34281,30457,38780,37549,tue,0,0,0,0,0,1,0,13.8,0.0,0.0,5.5,3.3,0,0,0,-0.6815416620804998,11,0,0,0,0,0,0,0,0,0,0,1,0,2259
20181114,3779,3840,4390,38385,33578,34281,38780,wed,0,0,0,0,0,0,1,13.3,0.0,0.0,5.0,2.4,0,0,0,-0.7320500190258254,11,0,0,0,0,0,0,0,0,0,0,1,0,2382
20181115,3907,3779,3840,40360,36502,38385,34281,thu,0,0,0,0,1,0,0,16.0,0.0,0.0,7.3,2.8,0,0,0,-0.6260652700257978,11,0,0,0,0,0,0,0,0,0,0,1,0,2389
20181116,3203,3907,3779,41760,37831,40360,38385,fri,1,0,0,0,0,0,0,14.9,5.38,3.6,8.2,3.4,0,0,0,-1.2089813895259494,11,0,0,0,0,0,0,0,0,0,0,1,0,2118
20181117,3632,3203,3907,41658,37266,41760,40360,sat,0,0,1,0,0,0,0,12.6,0.0,0.0,4.9,2.5,1,0,1,-0.8537668792055446,11,0,0,0,0,0,0,0,0,0,0,1,0,2318
20181118,4956,3632,3203,38834,35224,41658,41760,sun,0,0,0,1,0,0,0,12.3,1.63,0.0,5.1,2.3,1,0,1,0.24251286826349058,11,0,0,0,0,0,0,0,0,0,0,1,0,2112
20181119,4212,4956,3632,38067,34367,38834,41658,mon,0,1,0,0,0,0,0,13.2,0.0,0.0,5.8,3.0,0,0,0,-0.3735234852991696,11,0,0,0,0,0,0,0,0,0,0,1,0,2143
20181120,3791,4212,4956,31739,28097,38067,38834,tue,0,0,0,0,0,1,0,12.6,0.0,0.0,5.8,3.0,0,0,0,-0.7221139488070728,11,0,0,0,0,0,0,0,0,0,0,1,0,2414
20181121,3708,3791,4212,33385,30104,31739,38067,wed,0,0,0,0,0,0,1,13.3,3.32,0.4,7.8,2.3,0,0,0,-0.7908384344867782,11,0,0,0,0,0,0,0,0,0,0,1,0,2172
20181122,4136,3708,3791,39402,35620,33385,31739,thu,0,0,0,0,1,0,0,10.2,0.0,0.0,9.4,4.9,0,0,0,-0.43645193001793603,11,0,0,0,0,0,0,0,0,0,0,1,0,2305
20181123,3201,4136,3708,40760,36574,39402,33385,fri,1,0,0,0,0,0,0,10.0,0.0,0.0,4.7,2.5,0,0,0,-1.2106374012290748,11,0,0,0,0,0,0,0,0,0,0,1,0,2191
20181124,3427,3201,4136,39647,35263,40760,39402,sat,0,0,1,0,0,0,0,14.0,1.7,0.0,7.3,2.7,1,0,1,-1.0235080787759012,11,0,0,0,0,0,0,0,0,0,0,1,0,2128
20181125,4408,3427,3201,36082,32361,39647,40760,sun,0,0,0,1,0,0,0,13.0,0.0,0.0,3.0,1.8,1,0,1,-0.21123433839287745,11,0,0,0,0,0,0,0,0,0,0,1,0,1893
20181126,4503,4408,3427,36601,32844,36082,39647,mon,0,1,0,0,0,0,0,14.5,0.4,0.0,3.5,1.9,0,0,0,-0.13257378249441948,11,0,0,0,0,0,0,0,0,0,0,1,0,2001
20181127,4166,4503,4408,32307,28776,36601,36082,tue,0,0,0,0,0,1,0,13.8,0.0,0.0,3.5,1.9,0,0,0,-0.4116117544710546,11,0,0,0,0,0,0,0,0,0,0,1,0,2195
20181128,3825,4166,4503,31704,28426,32307,36601,wed,0,0,0,0,0,0,1,13.0,0.0,0.0,4.7,2.3,0,0,0,-0.6939617498539405,11,0,0,0,0,0,0,0,0,0,0,1,0,2279
20181129,3896,3825,4166,36654,33222,31704,32307,thu,0,0,0,0,1,0,0,12.8,0.0,0.0,3.1,1.9,0,0,0,-0.6351733343929877,11,0,0,0,0,0,0,0,0,0,0,1,0,2261
20181130,3526,3896,3825,36352,32438,36654,31704,fri,1,0,0,0,0,0,0,13.1,0.0,0.0,2.9,1.7,0,0,0,-0.9415354994711924,11,0,0,0,0,0,0,0,0,0,0,1,0,2221
20181201,3354,3526,3896,36917,32869,36352,36654,sat,0,0,1,0,0,0,0,13.7,0.0,0.0,4.3,2.0,1,0,1,-1.0839525059399795,12,0,0,0,0,0,0,0,0,0,0,0,1,1943
20181202,4189,3354,3526,32222,29086,36917,36352,sun,0,0,0,1,0,0,0,17.6,2.1,1.6,6.4,2.9,1,0,1,-0.39256761988511213,12,0,0,0,0,0,0,0,0,0,0,0,1,1731
20181203,3718,4189,3354,32165,28764,32222,36917,mon,0,1,0,0,0,0,0,18.9,5.47,2.9,4.5,1.5,0,0,0,-0.7825583759711511,12,0,0,0,0,0,0,0,0,0,0,0,1,1775
20181204,3662,3718,4189,30418,26806,32165,32222,tue,0,0,0,0,0,1,0,13.8,5.65,17.5,9.9,3.3,0,0,0,-0.828926703658663,12,0,0,0,0,0,0,0,0,0,0,0,1,1710
20181205,3430,3662,3718,30528,27390,30418,32165,wed,0,0,0,0,0,0,1,9.9,0.0,0.0,5.2,2.7,0,0,0,-1.0210240612212131,12,0,0,0,0,0,0,0,0,0,0,0,1,2023
20181206,4057,3430,3662,35772,32155,30528,30418,thu,0,0,0,0,1,0,0,9.5,7.37,11.6,8.3,3.7,0,0,0,-0.5018643922913906,12,0,0,0,0,0,0,0,0,0,0,0,1,1751
20181207,2997,4057,3430,35352,31775,35772,30528,fri,1,0,0,0,0,0,0,4.8,6.35,0.0,9.1,5.8,0,0,0,-1.3795505949478688,12,0,0,0,0,0,0,0,0,0,0,0,1,1737
20181208,3217,2997,4057,36345,32307,35352,35772,sat,0,0,1,0,0,0,0,4.2,6.82,0.0,7.4,4.6,1,0,1,-1.1973893076040714,12,0,0,0,0,0,0,0,0,0,0,0,1,1710
20181209,4243,3217,2997,33896,30751,36345,35352,sun,0,0,0,1,0,0,0,3.9,0.0,0.0,6.1,3.5,1,0,1,-0.3478553039007255,12,0,0,0,0,0,0,0,0,0,0,0,1,1716
20181210,4057,4243,3217,32998,29276,33896,36345,mon,0,1,0,0,0,0,0,7.6,0.0,0.0,4.4,2.0,0,0,0,-0.5018643922913906,12,0,0,0,0,0,0,0,0,0,0,0,1,2064
20181211,3627,4057,4243,29516,26061,32998,33896,tue,0,0,0,0,0,1,0,9.0,15.22,20.0,7.8,3.2,0,0,0,-0.8579069084633582,12,0,0,0,0,0,0,0,0,0,0,0,1,1821
20181212,3564,3627,4057,30416,27275,29516,32998,wed,0,0,0,0,0,0,1,6.5,0.87,0.2,10.4,5.4,0,0,0,-0.9100712771118092,12,0,0,0,0,0,0,0,0,0,0,0,1,2166
20181213,3599,3564,3627,35277,31853,30416,29516,thu,0,0,0,0,1,0,0,8.0,0.0,0.0,7.4,5.0,0,0,0,-0.8810910723071141,12,0,0,0,0,0,0,0,0,0,0,0,1,2022
20181214,3141,3599,3564,36095,32219,35277,30416,fri,1,0,0,0,0,0,0,5.6,0.0,0.0,6.8,4.5,0,0,0,-1.2603177523228377,12,0,0,0,0,0,0,0,0,0,0,0,1,1996
20181215,3134,3141,3599,37339,33027,36095,35277,sat,0,0,1,0,0,0,0,6.0,0.0,0.0,4.2,1.9,1,0,1,-1.266113793283777,12,0,0,0,0,0,0,0,0,0,0,0,1,1871
20181216,4021,3134,3141,35216,31945,37339,36095,sun,0,0,0,1,0,0,0,9.1,12.17,7.1,4.9,2.4,1,0,1,-0.5316726029476483,12,0,0,0,0,0,0,0,0,0,0,0,1,1557
20181217,4496,4021,3134,36579,32384,35216,37339,mon,0,1,0,0,0,0,0,10.3,0.0,0.0,8.7,6.0,0,0,0,-0.13836982345535848,12,0,0,0,0,0,0,0,0,0,0,0,1,2210
20181218,4267,4496,4021,33856,29644,36579,35216,tue,0,0,0,0,0,1,0,9.7,0.0,0.0,6.7,3.8,0,0,0,-0.3279831634632203,12,0,0,0,0,0,0,0,0,0,0,0,1,2628
20181219,4238,4267,4496,32066,28418,33856,36579,wed,0,0,0,0,0,0,1,13.9,0.0,0.0,5.8,3.2,0,0,0,-0.35199533315853904,12,0,0,0,0,0,0,0,0,0,0,0,1,2894
20181220,6057,4238,4267,35417,31414,32066,33856,thu,0,0,0,0,1,0,0,12.5,17.02,21.8,5.9,1.7,0,0,0,1.1541473108340403,12,0,0,0,0,0,0,0,0,0,0,0,1,3439
20181221,3539,6057,4238,36301,32338,35417,32066,fri,1,0,0,0,0,0,0,14.6,0.9,0.0,5.1,2.2,0,0,0,-0.9307714234008772,12,0,0,0,0,0,0,0,0,0,0,0,1,2334
20181222,2835,3539,6057,42709,37868,36301,35417,sat,0,0,1,0,0,0,0,13.0,7.12,3.0,5.3,1.8,1,0,1,-1.5136875429010288,12,0,0,0,0,0,0,0,0,0,0,0,1,2073
20181223,3815,2835,3539,37158,33426,42709,36301,sun,0,0,0,1,0,0,0,9.6,6.6,8.0,7.7,4.0,1,0,1,-0.7022418083695676,12,0,0,0,0,0,0,0,0,0,0,0,1,1868
20181224,4299,3815,2835,34955,30911,37158,42709,mon,0,1,0,0,0,0,0,6.4,0.0,0.0,5.8,2.9,0,0,0,-0.3014869762132134,12,0,0,0,0,0,0,0,0,0,0,0,1,2375
20181225,3873,4299,3815,34250,30551,34955,37158,tue,0,0,0,0,0,1,0,7.8,0.0,0.0,3.6,1.7,0,1,1,-0.6542174689789302,12,0,0,0,0,0,0,0,0,0,0,0,1,2398
20181226,4194,3873,4299,39207,35564,34250,34955,wed,0,0,0,0,0,0,1,8.5,4.92,0.4,8.1,3.9,0,0,0,-0.38842759062729854,12,0,0,0,0,0,0,0,0,0,0,0,1,2657
20181227,3793,4194,3873,38272,34623,39207,34250,thu,0,0,0,0,1,0,0,2.5,0.0,0.0,8.6,5.4,0,0,0,-0.7204579371039473,12,0,0,0,0,0,0,0,0,0,0,0,1,2672
20181228,4058,3793,4194,39414,35168,38272,39207,fri,1,0,0,0,0,0,0,1.9,15.13,1.8,9.5,6.8,0,0,0,-0.5010363864398278,12,0,0,0,0,0,0,0,0,0,0,0,1,2334
20181229,3013,4058,3793,45381,40477,39414,38272,sat,0,0,1,0,0,0,0,3.1,4.73,0.1,9.2,5.7,1,0,1,-1.3663025013228653,12,0,0,0,0,0,0,0,0,0,0,0,1,2211
20181230,3590,3013,4058,40160,36085,45381,39414,sun,0,0,0,1,0,0,0,3.1,5.3,0.0,8.2,4.5,1,0,1,-0.8885431249711786,12,0,0,0,0,0,0,0,0,0,0,0,1,2371
20181231,3861,3590,3013,37729,33761,40160,45381,mon,0,1,0,0,0,0,0,4.6,0.0,0.0,5.0,2.9,0,0,0,-0.6641535391976827,12,0,0,0,0,0,0,0,0,0,0,0,1,2757
20190101,3830,3861,3590,31232,28147,37729,40160,tue,0,0,0,0,0,1,0,5.6,2.58,0.0,7.6,5.3,0,1,1,-0.6898217205961269,01,1,0,0,0,0,0,0,0,0,0,0,0,2227
20190102,4069,3830,3861,36544,33918,31232,37729,wed,0,0,0,0,0,0,1,5.1,0.0,0.0,6.2,4.0,0,0,0,-0.4919283220726379,01,1,0,0,0,0,0,0,0,0,0,0,0,2394
20190103,3865,4069,3830,35124,32242,36544,31232,thu,0,0,0,0,1,0,0,5.1,0.0,0.0,5.1,2.6,0,0,0,-0.6608415157914319,01,1,0,0,0,0,0,0,0,0,0,0,0,2594
20190104,3335,3865,4069,34701,31761,35124,36544,fri,1,0,0,0,0,0,0,5.8,9.35,1.6,4.6,2.1,0,0,0,-1.099684617119671,01,1,0,0,0,0,0,0,0,0,0,0,0,2293
20190105,3563,3335,3865,35357,32063,34701,35124,sat,0,0,1,0,0,0,0,7.0,3.07,0.0,5.1,3.0,1,0,1,-0.910899282963372,01,1,0,0,0,0,0,0,0,0,0,0,0,2110
20190106,4011,3563,3335,35079,32259,35357,34701,sun,0,0,0,1,0,0,0,5.7,0.0,0.0,4.4,2.6,1,0,1,-0.5399526614632755,01,1,0,0,0,0,0,0,0,0,0,0,0,2277
20190107,4341,4011,3563,37015,33882,35079,35357,mon,0,1,0,0,0,0,0,5.9,0.0,0.0,3.8,2.2,0,0,0,-0.26671073044757937,01,1,0,0,0,0,0,0,0,0,0,0,0,2658
20190108,4363,4341,4011,35071,31966,37015,35079,tue,0,0,0,0,0,1,0,6.6,0.4,0.0,7.0,4.3,0,0,0,-0.24849460171319962,01,1,0,0,0,0,0,0,0,0,0,0,0,3004
20190109,4123,4363,4341,33477,30833,35071,37015,wed,0,0,0,0,0,0,1,4.5,0.1,0.0,7.0,3.2,0,0,0,-0.4472160060882513,01,1,0,0,0,0,0,0,0,0,0,0,0,3183
20190110,3778,4123,4363,37715,34651,33477,35071,thu,0,0,0,0,1,0,0,6.9,1.87,0.0,5.2,3.0,0,0,0,-0.7328780248773881,01,1,0,0,0,0,0,0,0,0,0,0,0,2705
20190111,3217,3778,4123,37002,33427,37715,33477,fri,1,0,0,0,0,0,0,7.9,4.58,1.7,5.0,2.3,0,0,0,-1.1973893076040714,01,1,0,0,0,0,0,0,0,0,0,0,0,2254
20190112,3193,3217,3778,40113,36144,37002,37715,sat,0,0,1,0,0,0,0,8.9,7.62,2.0,4.9,2.7,1,0,1,-1.2172614480415767,01,1,0,0,0,0,0,0,0,0,0,0,0,1899
20190113,4225,3193,3217,38651,35499,40113,37002,sun,0,0,0,1,0,0,0,7.9,0.0,0.0,5.8,3.5,1,0,1,-0.36275940922885436,01,1,0,0,0,0,0,0,0,0,0,0,0,1986
20190114,4577,4225,3193,33374,29897,38651,40113,mon,0,1,0,0,0,0,0,7.3,0.0,0.0,3.2,2.0,0,0,0,-0.07130134947877853,01,1,0,0,0,0,0,0,0,0,0,0,0,2504
20190115,4194,4577,4225,38230,34298,33374,38651,tue,0,0,0,0,0,1,0,7.0,0.0,0.0,7.6,4.1,0,0,0,-0.38842759062729854,01,1,0,0,0,0,0,0,0,0,0,0,0,2826
20190116,4095,4194,4577,36481,33408,38230,33374,wed,0,0,0,0,0,0,1,3.1,0.0,0.0,7.8,4.2,0,0,0,-0.47040016993200734,01,1,0,0,0,0,0,0,0,0,0,0,0,3239
20190117,3782,4095,4194,38416,35056,36481,38230,thu,0,0,0,0,1,0,0,5.6,0.1,0.0,7.2,4.3,0,0,0,-0.7295660014711373,01,1,0,0,0,0,0,0,0,0,0,0,0,2694
20190118,3178,3782,4095,39131,35338,38416,36481,fri,1,0,0,0,0,0,0,6.4,0.0,0.0,3.9,1.9,0,0,0,-1.2296815358150173,01,1,0,0,0,0,0,0,0,0,0,0,0,2318
20190119,3068,3178,3782,41814,37538,39131,38416,sat,0,0,1,0,0,0,0,8.9,5.77,1.0,5.2,2.3,1,0,1,-1.320762179486916,01,1,0,0,0,0,0,0,0,0,0,0,0,2041
20190120,4110,3068,3178,37833,34423,41814,39131,sun,0,0,0,1,0,0,0,6.7,1.63,0.0,7.7,5.6,1,0,1,-0.4579800821585666,01,1,0,0,0,0,0,0,0,0,0,0,0,2017
20190121,4645,4110,3068,38791,34921,37833,41814,mon,0,1,0,0,0,0,0,6.2,0.0,0.0,6.9,4.4,0,0,0,-0.014996951572513888,01,1,0,0,0,0,0,0,0,0,0,0,0,2708
20190122,4343,4645,4110,36568,32466,38791,37833,tue,0,0,0,0,0,1,0,8.3,0.0,0.0,5.1,3.3,0,0,0,-0.2650547187444539,01,1,0,0,0,0,0,0,0,0,0,0,0,3537
20190123,4276,4343,4645,35404,32029,36568,38791,wed,0,0,0,0,0,0,1,8.6,0.0,0.0,5.3,3.5,0,0,0,-0.32053111079915586,01,1,0,0,0,0,0,0,0,0,0,0,0,3705
20190124,4140,4276,4343,37542,33858,35404,36568,thu,0,0,0,0,1,0,0,6.2,0.0,0.0,4.4,2.0,0,0,0,-0.43313990661168517,01,1,0,0,0,0,0,0,0,0,0,0,0,3541
20190125,3474,4140,4276,38350,34614,37542,35404,fri,1,0,0,0,0,0,0,5.7,0.0,0.0,9.0,4.1,0,0,0,-0.9845918037524536,01,1,0,0,0,0,0,0,0,0,0,0,0,2734
20190126,3294,3474,4140,39468,35296,38350,37542,sat,0,0,1,0,0,0,0,4.3,0.0,0.0,9.7,5.6,1,0,1,-1.1336328570337424,01,1,0,0,0,0,0,0,0,0,0,0,0,2369
20190127,4367,3294,3474,36182,32872,39468,38350,sun,0,0,0,1,0,0,0,5.6,0.0,0.0,4.2,2.4,1,0,1,-0.24518257830694876,01,1,0,0,0,0,0,0,0,0,0,0,0,2576
20190128,5061,4367,3294,37355,33437,36182,39468,mon,0,1,0,0,0,0,0,7.7,0.0,0.0,6.6,4.4,0,0,0,0.32945348267757574,01,1,0,0,0,0,0,0,0,0,0,0,0,3202
20190129,4759,5061,4367,37696,33469,37355,36182,tue,0,0,0,0,0,1,0,6.3,0.0,0.0,4.2,2.0,0,0,0,0.07939571550563566,01,1,0,0,0,0,0,0,0,0,0,0,0,3869
20190130,4584,4759,5061,28980,25417,37696,37355,wed,0,0,0,0,0,0,1,8.2,4.13,0.0,3.7,1.6,0,0,0,-0.06550530851783952,01,1,0,0,0,0,0,0,0,0,0,0,0,4162
20190131,4682,4584,4759,34672,30914,28980,37696,thu,0,0,0,0,1,0,0,4.9,12.37,17.9,13.2,5.2,0,0,0,0.015639264935306582,01,1,0,0,0,0,0,0,0,0,0,0,0,2363
20190201,3898,4682,4584,39011,34998,34672,28980,fri,1,0,0,0,0,0,0,5.0,0.17,0.0,8.6,4.8,0,0,0,-0.6335173226898623,02,0,1,0,0,0,0,0,0,0,0,0,0,2803
20190202,3263,3898,4682,44633,40069,39011,34672,sat,0,0,1,0,0,0,0,9.3,0.0,0.0,3.7,2.2,1,0,1,-1.1593010384321865,02,0,1,0,0,0,0,0,0,0,0,0,0,2324
20190203,3152,3263,3898,43357,39827,44633,39011,sun,0,0,0,1,0,0,0,13.3,6.48,9.8,10.2,5.5,1,0,1,-1.251209687955648,02,0,1,0,0,0,0,0,0,0,0,0,0,1754
20190204,3607,3152,3263,32113,28434,43357,44633,mon,0,1,0,0,0,0,0,6.9,0.0,0.0,8.0,3.4,0,1,1,-0.8744670254946124,02,0,1,0,0,0,0,0,0,0,0,0,0,2282
20190205,5271,3607,3152,37614,33034,32113,43357,tue,0,0,0,0,0,1,0,9.3,0.0,0.0,7.1,2.7,0,1,1,0.5033347115057459,02,0,1,0,0,0,0,0,0,0,0,0,0,2347
20190206,6296,5271,3607,41568,37461,37614,32113,wed,0,0,0,0,0,0,1,11.8,0.0,0.0,3.8,1.8,0,1,1,1.3520407093575293,02,0,1,0,0,0,0,0,0,0,0,0,0,2519
20190207,5227,6296,5271,39585,35543,41568,37614,thu,0,0,0,0,1,0,0,6.5,4.58,3.8,8.3,3.5,0,0,0,0.46690245403698644,02,0,1,0,0,0,0,0,0,0,0,0,0,2216
20190208,4011,5227,6296,38660,34659,39585,41568,fri,1,0,0,0,0,0,0,3.4,0.0,0.0,4.9,2.8,0,0,0,-0.5399526614632755,02,0,1,0,0,0,0,0,0,0,0,0,0,2879
20190209,3734,4011,5227,37848,33042,38660,39585,sat,0,0,1,0,0,0,0,3.0,2.45,0.0,7.1,4.3,1,0,1,-0.7693102823461476,02,0,1,0,0,0,0,0,0,0,0,0,0,2751
20190210,4950,3734,4011,37884,34131,37848,38660,sun,0,0,0,1,0,0,0,3.1,0.0,0.0,5.7,3.1,1,0,1,0.23754483315411432,02,0,1,0,0,0,0,0,0,0,0,0,0,2932
20190211,5515,4950,3734,39334,34883,37884,37848,mon,0,1,0,0,0,0,0,3.7,0.32,0.0,7.4,4.4,0,0,0,0.7053681392870484,02,0,1,0,0,0,0,0,0,0,0,0,0,3696
20190212,5580,5515,4950,38727,34130,39334,37884,tue,0,0,0,0,0,1,0,5.7,0.0,0.0,5.4,2.3,0,0,0,0.759188519638625,02,0,1,0,0,0,0,0,0,0,0,0,0,4878
20190213,5645,5580,5515,38239,34577,38727,39334,wed,0,0,0,0,0,0,1,6.8,0.0,0.0,5.5,3.3,0,0,0,0.8130088999902015,02,0,1,0,0,0,0,0,0,0,0,0,0,4775
20190214,4376,5645,5580,38957,35100,38239,38727,thu,0,0,0,0,1,0,0,5.6,0.0,0.0,4.9,2.2,0,0,0,-0.23773052564288433,02,0,1,0,0,0,0,0,0,0,0,0,0,4115
20190215,3557,4376,5645,39464,35517,38957,38239,fri,1,0,0,0,0,0,0,6.4,6.87,0.0,5.2,2.4,0,0,0,-0.9158673180727482,02,0,1,0,0,0,0,0,0,0,0,0,0,2975
20190216,3392,3557,4376,40228,35885,39464,38957,sat,0,0,1,0,0,0,0,4.2,0.0,0.0,7.3,4.7,1,0,1,-1.0524882835805962,02,0,1,0,0,0,0,0,0,0,0,0,0,2448
20190217,4301,3392,3557,38965,35519,40228,39464,sun,0,0,0,1,0,0,0,4.4,0.0,0.0,4.7,3.1,1,0,1,-0.299830964510088,02,0,1,0,0,0,0,0,0,0,0,0,0,2594
20190218,4820,4301,3392,39079,35350,38965,40228,mon,0,1,0,0,0,0,0,7.1,8.4,2.1,4.5,2.1,0,0,0,0.1299040724509613,02,0,1,0,0,0,0,0,0,0,0,0,0,2908
20190219,4807,4820,4301,37677,33561,39079,38965,tue,0,0,0,0,0,1,0,9.3,8.77,15.9,10.1,4.1,0,0,0,0.119139996380646,02,0,1,0,0,0,0,0,0,0,0,0,0,3179
20190220,4810,4807,4820,39193,35635,37677,39079,wed,0,0,0,0,0,0,1,6.9,0.0,0.0,4.7,2.5,0,0,0,0.12162401393533415,02,0,1,0,0,0,0,0,0,0,0,0,0,4234
20190221,3835,4810,4807,39620,35662,39193,37677,thu,0,0,0,0,1,0,0,7.1,0.0,0.0,4.4,2.4,0,0,0,-0.6856816913383134,02,0,1,0,0,0,0,0,0,0,0,0,0,3587
20190222,3349,3835,4810,41071,36916,39620,39193,fri,1,0,0,0,0,0,0,8.3,4.05,1.6,4.5,2.0,0,0,0,-1.088092535197793,02,0,1,0,0,0,0,0,0,0,0,0,0,2382
20190223,3331,3349,3835,42118,37641,41071,39620,sat,0,0,1,0,0,0,0,9.3,0.0,0.0,5.9,2.4,1,0,1,-1.102996640525922,02,0,1,0,0,0,0,0,0,0,0,0,0,2229
20190224,4372,3331,3349,40910,37137,42118,41071,sun,0,0,0,1,0,0,0,11.0,0.0,0.0,5.5,2.5,1,0,1,-0.2410425490491352,02,0,1,0,0,0,0,0,0,0,0,0,0,2131
20190225,4476,4372,3331,40214,36192,40910,42118,mon,0,1,0,0,0,0,0,9.4,0.0,0.0,4.5,2.6,0,0,0,-0.1549299404866128,02,0,1,0,0,0,0,0,0,0,0,0,0,2502
20190226,4545,4476,4372,41882,35977,40214,40910,tue,0,0,0,0,0,1,0,8.9,0.0,0.0,3.3,1.8,0,0,0,-0.09779753672878543,02,0,1,0,0,0,0,0,0,0,0,0,0,3013
20190227,3802,4545,4476,40431,36790,41882,40214,wed,0,0,0,0,0,0,1,10.9,11.87,4.6,5.6,2.3,0,0,0,-0.713005884439883,02,0,1,0,0,0,0,0,0,0,0,0,0,2741
20190228,2991,3802,4545,40991,37114,40431,41882,thu,0,0,0,0,1,0,0,10.4,1.25,0.1,5.5,3.1,0,0,0,-1.3845186300572452,02,0,1,0,0,0,0,0,0,0,0,0,0,2420
20190301,2503,2991,3802,46664,42844,40991,40431,fri,1,0,0,0,0,0,0,9.4,0.0,0.0,3.9,2.1,0,1,1,-1.7885854856198502,03,0,0,1,0,0,0,0,0,0,0,0,0,1908
20190302,3594,2503,2991,34983,28495,46664,40991,sat,0,0,1,0,0,0,0,11.0,5.28,0.4,4.8,2.1,1,0,1,-0.8852311015649278,03,0,0,1,0,0,0,0,0,0,0,0,0,1622
20190303,5352,3594,2503,32750,29324,34983,46664,sun,0,0,0,1,0,0,0,11.8,6.27,5.9,6.8,3.0,1,0,1,0.5704031854823259,03,0,0,1,0,0,0,0,0,0,0,0,0,1710
20190304,4094,5352,3594,32990,29067,32750,34983,mon,0,1,0,0,0,0,0,10.0,7.33,2.0,5.9,3.5,0,0,0,-0.47122817578357007,03,0,0,1,0,0,0,0,0,0,0,0,0,2235
20190305,3830,4094,5352,30614,26702,32990,32750,tue,0,0,0,0,0,1,0,10.7,2.7,0.0,3.9,2.0,0,0,0,-0.6898217205961269,03,0,0,1,0,0,0,0,0,0,0,0,0,2684
20190306,3815,3830,4094,29319,25856,30614,32990,wed,0,0,0,0,0,0,1,10.4,11.25,11.3,6.5,3.5,0,0,0,-0.7022418083695676,03,0,0,1,0,0,0,0,0,0,0,0,0,2512
20190307,4098,3815,3830,35602,32039,29319,30614,thu,0,0,0,0,1,0,0,8.3,0.0,0.0,7.8,4.6,0,0,0,-0.4679161523773192,03,0,0,1,0,0,0,0,0,0,0,0,0,2813
20190308,3248,4098,3815,38765,34746,35602,29319,fri,1,0,0,0,0,0,0,8.5,0.0,0.0,2.8,1.7,0,0,0,-1.1717211262056273,03,0,0,1,0,0,0,0,0,0,0,0,0,2439
20190309,3005,3248,4098,37383,33002,38765,35602,sat,0,0,1,0,0,0,0,11.6,9.22,9.0,6.6,2.5,1,0,1,-1.3729265481353672,03,0,0,1,0,0,0,0,0,0,0,0,0,2065
20190310,4092,3005,3248,34337,31119,37383,38765,sun,0,0,0,1,0,0,0,10.7,15.78,22.1,8.1,4.1,1,0,1,-0.4728841874866955,03,0,0,1,0,0,0,0,0,0,0,0,0,1427
20190311,4171,4092,3005,34769,30774,34337,37383,mon,0,1,0,0,0,0,0,10.0,1.45,1.2,9.3,4.2,0,0,0,-0.407471725213241,03,0,0,1,0,0,0,0,0,0,0,0,0,2359
20190312,3707,4171,4092,32781,28638,34769,34337,tue,0,0,0,0,0,1,0,10.7,0.0,0.0,8.8,5.4,0,0,0,-0.7916664403383409,03,0,0,1,0,0,0,0,0,0,0,0,0,2755
20190313,3954,3707,4171,31672,28072,32781,34769,wed,0,0,0,0,0,0,1,8.4,0.0,0.0,7.3,4.9,0,0,0,-0.5871489950023502,03,0,0,1,0,0,0,0,0,0,0,0,0,2699
20190314,3757,3954,3707,36805,32855,31672,32781,thu,0,0,0,0,1,0,0,10.0,0.0,0.0,5.2,3.0,0,0,0,-0.7502661477602052,03,0,0,1,0,0,0,0,0,0,0,0,0,2516
20190315,3053,3757,3954,39531,35472,36805,31672,fri,1,0,0,0,0,0,0,10.2,0.57,0.0,9.6,5.1,0,0,0,-1.3331822672603568,03,0,0,1,0,0,0,0,0,0,0,0,0,2246
20190316,3148,3053,3757,40036,35791,39531,36805,sat,0,0,1,0,0,0,0,10.1,0.0,0.0,6.8,4.1,1,0,1,-1.2545217113618987,03,0,0,1,0,0,0,0,0,0,0,0,0,2299
20190317,4624,3148,3053,38697,34692,40036,39531,sun,0,0,0,1,0,0,0,11.2,0.0,0.0,6.4,2.8,1,0,1,-0.03238507445533091,03,0,0,1,0,0,0,0,0,0,0,0,0,2194
20190318,4091,4624,3148,37171,32970,38697,40036,mon,0,1,0,0,0,0,0,10.7,6.9,1.9,4.9,1.9,0,0,0,-0.4737121933382582,03,0,0,1,0,0,0,0,0,0,0,0,0,2190
20190319,3762,4091,4624,34282,30350,37171,38697,tue,0,0,0,0,0,1,0,12.3,0.0,0.0,5.2,2.3,0,0,0,-0.7461261185023915,03,0,0,1,0,0,0,0,0,0,0,0,0,2363
20190320,3407,3762,4091,26842,24898,34282,37171,wed,0,0,0,0,0,0,1,16.3,3.8,1.7,14.3,4.0,0,0,0,-1.0400681958071556,03,0,0,1,0,0,0,0,0,0,0,0,0,2281
20190321,3717,3407,3762,42740,38338,26842,34282,thu,0,0,0,0,1,0,0,10.7,0.0,0.0,9.7,4.9,0,0,0,-0.7833863818227138,03,0,0,1,0,0,0,0,0,0,0,0,0,2232
20190322,3209,3717,3407,42372,38067,42740,26842,fri,1,0,0,0,0,0,0,7.8,0.0,0.0,5.6,3.7,0,0,0,-1.2040133544165732,03,0,0,1,0,0,0,0,0,0,0,0,0,2163
20190323,3072,3209,3717,42440,37392,42372,42740,sat,0,0,1,0,0,0,0,8.5,0.0,0.0,8.8,4.8,1,0,1,-1.3174501560806653,03,0,0,1,0,0,0,0,0,0,0,0,0,2251
20190324,4643,3072,3209,39850,36050,42440,42372,sun,0,0,0,1,0,0,0,7.5,0.0,0.0,5.1,2.8,1,0,1,-0.01665296327563932,03,0,0,1,0,0,0,0,0,0,0,0,0,2240
20190325,3851,4643,3072,41353,36794,39850,42440,mon,0,1,0,0,0,0,0,9.9,0.0,0.0,5.3,2.2,0,0,0,-0.6724335977133099,03,0,0,1,0,0,0,0,0,0,0,0,0,2538
20190326,3993,3851,4643,39397,34831,41353,39850,tue,0,0,0,0,0,1,0,14.2,0.0,0.0,7.2,3.6,0,0,0,-0.5548567667914043,03,0,0,1,0,0,0,0,0,0,0,0,0,3219
20190327,4061,3993,3851,38977,35316,39397,41353,wed,0,0,0,0,0,0,1,16.4,0.0,0.0,6.2,2.8,0,0,0,-0.49855236888513965,03,0,0,1,0,0,0,0,0,0,0,0,0,2979
20190328,4515,4061,3993,42208,35489,38977,39397,thu,0,0,0,0,1,0,0,14.6,0.0,0.0,5.2,2.5,0,0,0,-0.12263771227566689,03,0,0,1,0,0,0,0,0,0,0,0,0,3090
20190329,4341,4515,4061,42321,37968,42208,38977,fri,1,0,0,0,0,0,0,13.9,0.0,0.0,4.3,2.0,0,0,0,-0.26671073044757937,03,0,0,1,0,0,0,0,0,0,0,0,0,3034
20190330,4188,4341,4515,42713,38146,42321,42208,sat,0,0,1,0,0,0,0,11.0,0.05,0.0,8.8,4.7,1,0,1,-0.3933956257366748,03,0,0,1,0,0,0,0,0,0,0,0,0,2868
20190331,6673,4188,4341,38536,34383,42713,42321,sun,0,0,0,1,0,0,0,8.4,0.0,0.0,9.2,6.5,1,0,1,1.664198915396673,03,0,0,1,0,0,0,0,0,0,0,0,0,2875
20190401,5115,6673,4188,40789,36056,38536,42713,mon,0,1,0,0,0,0,0,10.5,0.0,0.0,6.4,4.6,0,0,0,0.37416579866196237,04,0,0,0,1,0,0,0,0,0,0,0,0,2775
20190402,4756,5115,6673,39555,35735,40789,38536,tue,0,0,0,0,0,1,0,10.6,0.0,0.0,6.0,3.0,0,0,0,0.07691169795094752,04,0,0,0,1,0,0,0,0,0,0,0,0,3016
20190403,5017,4756,5115,40565,36359,39555,40789,wed,0,0,0,0,0,0,1,10.5,0.0,0.0,4.2,2.5,0,0,0,0.29302122520881624,04,0,0,0,1,0,0,0,0,0,0,0,0,3241
20190404,5093,5017,4756,41945,37459,40565,39555,thu,0,0,0,0,1,0,0,11.3,0.0,0.0,6.3,3.0,0,0,0,0.3559496699275826,04,0,0,0,1,0,0,0,0,0,0,0,0,3147
20190405,4321,5093,5017,47600,40087,41945,40565,fri,1,0,0,0,0,0,0,14.5,0.0,0.0,6.3,4.0,0,0,0,-0.2832708474788337,04,0,0,0,1,0,0,0,0,0,0,0,0,3142
20190406,4071,4321,5093,43855,39122,47600,41945,sat,0,0,1,0,0,0,0,15.0,0.0,0.0,5.4,2.1,1,0,1,-0.4902723103695125,04,0,0,0,1,0,0,0,0,0,0,0,0,3098
20190407,6060,4071,4321,41462,35587,43855,47600,sun,0,0,0,1,0,0,0,16.4,1.62,2.7,7.6,2.4,1,0,1,1.1566313283887284,04,0,0,0,1,0,0,0,0,0,0,0,0,2553
20190408,5211,6060,4071,41938,37650,41462,43855,mon,0,1,0,0,0,0,0,14.8,0.0,0.0,3.7,1.6,0,0,0,0.45365436041198304,04,0,0,0,1,0,0,0,0,0,0,0,0,2854
20190409,4437,5211,6060,31036,27880,41938,41462,tue,0,0,0,0,0,1,0,15.0,5.13,6.0,9.6,5.2,0,0,0,-0.1872221686975587,04,0,0,0,1,0,0,0,0,0,0,0,0,2433
20190410,5639,4437,5211,47197,40994,31036,41938,wed,0,0,0,0,0,0,1,10.4,9.73,6.7,7.6,4.0,0,0,0,0.8080408648808252,04,0,0,0,1,0,0,0,0,0,0,0,0,2778
20190411,4711,5639,4437,43986,39864,47197,31036,thu,0,0,0,0,1,0,0,11.6,0.9,0.0,5.8,2.4,0,0,0,0.03965143463062533,04,0,0,0,1,0,0,0,0,0,0,0,0,3353
20190412,4241,4711,5639,44903,40257,43986,47197,fri,1,0,0,0,0,0,0,12.7,0.67,0.0,4.1,2.2,0,0,0,-0.3495113156038509,04,0,0,0,1,0,0,0,0,0,0,0,0,3220
20190413,4054,4241,4711,45553,40912,44903,43986,sat,0,0,1,0,0,0,0,13.7,0.0,0.0,4.8,2.0,1,0,1,-0.5043484098460786,04,0,0,0,1,0,0,0,0,0,0,0,0,3087
20190414,6015,4054,4241,39312,35721,45553,44903,sun,0,0,0,1,0,0,0,13.6,0.0,0.0,6.3,2.5,1,0,1,1.1193710650684061,04,0,0,0,1,0,0,0,0,0,0,0,0,2585
20190415,5530,6015,4054,42577,37486,39312,45553,mon,0,1,0,0,0,0,0,13.0,0.0,0.0,4.2,2.1,0,0,0,0.7177882270604892,04,0,0,0,1,0,0,0,0,0,0,0,0,3345
20190416,4873,5530,6015,39366,34581,42577,39312,tue,0,0,0,0,0,1,0,16.8,0.0,0.0,5.6,2.0,0,0,0,0.1737883825837852,04,0,0,0,1,0,0,0,0,0,0,0,0,3745
20190417,5246,4873,5530,41260,37106,39366,42577,wed,0,0,0,0,0,0,1,15.8,0.0,0.0,7.3,2.9,0,0,0,0.4826345652166781,04,0,0,0,1,0,0,0,0,0,0,0,0,3511
20190418,5068,5246,4873,43847,39433,41260,39366,thu,0,0,0,0,1,0,0,16.7,0.0,0.0,5.4,2.2,0,0,0,0.33524952363851473,04,0,0,0,1,0,0,0,0,0,0,0,0,3801
20190419,4243,5068,5246,44322,39616,43847,41260,fri,1,0,0,0,0,0,0,16.8,0.0,0.0,7.4,3.1,0,0,0,-0.3478553039007255,04,0,0,0,1,0,0,0,0,0,0,0,0,3405
20190420,4274,4243,5068,47414,40689,44322,43847,sat,0,0,1,0,0,0,0,17.1,0.0,0.0,7.1,3.1,1,0,1,-0.3221871225022813,04,0,0,0,1,0,0,0,0,0,0,0,0,3211
20190421,6413,4274,4243,41395,36409,47414,44322,sun,0,0,0,1,0,0,0,18.5,0.0,0.0,4.8,1.7,1,0,1,1.448917393990367,04,0,0,0,1,0,0,0,0,0,0,0,0,2939
20190422,5378,6413,4274,42915,38247,41395,47414,mon,0,1,0,0,0,0,0,19.3,0.0,0.0,8.3,3.4,0,0,0,0.5919313376229565,04,0,0,0,1,0,0,0,0,0,0,0,0,3330
20190423,5011,5378,6413,40033,35922,42915,41395,tue,0,0,0,0,0,1,0,19.1,7.25,18.7,8.4,3.7,0,0,0,0.2880531900994399,04,0,0,0,1,0,0,0,0,0,0,0,0,2990
20190424,5410,5011,5378,43933,39408,40033,42915,wed,0,0,0,0,0,0,1,18.0,0.0,0.0,7.7,3.6,0,0,0,0.6184275248729634,04,0,0,0,1,0,0,0,0,0,0,0,0,3679
20190425,5273,5410,5011,44243,39816,43933,40033,thu,0,0,0,0,1,0,0,15.8,0.0,0.0,4.1,2.2,0,0,0,0.5049907232088714,04,0,0,0,1,0,0,0,0,0,0,0,0,3905
20190426,4588,5273,5410,47034,42209,44243,43933,fri,1,0,0,0,0,0,0,12.2,3.37,0.3,6.2,4.3,0,0,0,-0.06219328511158866,04,0,0,0,1,0,0,0,0,0,0,0,0,3847
20190427,4731,4588,5273,49357,43078,47034,44243,sat,0,0,1,0,0,0,0,14.0,0.0,0.0,7.4,3.8,1,0,1,0.05621155166187963,04,0,0,0,1,0,0,0,0,0,0,0,0,3869
20190428,6485,4731,4588,44370,39894,49357,47034,sun,0,0,0,1,0,0,0,15.0,2.88,0.1,7.0,2.9,1,0,1,1.5085338153028824,04,0,0,0,1,0,0,0,0,0,0,0,0,3306
20190429,6295,6485,4731,44669,39597,44370,49357,mon,0,1,0,0,0,0,0,16.1,15.45,10.5,7.7,3.7,0,0,0,1.3512127035059665,04,0,0,0,1,0,0,0,0,0,0,0,0,3373
20190430,5495,6295,6485,44466,39732,44669,44370,tue,0,0,0,0,0,1,0,15.6,7.87,1.4,4.9,2.3,0,0,0,0.6888080222557942,04,0,0,0,1,0,0,0,0,0,0,0,0,4348
20190501,4793,5495,6295,45894,41205,44466,44669,wed,0,0,0,0,0,0,1,14.7,0.0,0.0,6.2,3.5,0,0,0,0.10754791445876799,05,0,0,0,0,1,0,0,0,0,0,0,0,4569
20190502,6324,4793,5495,43906,39020,45894,44466,thu,0,0,0,0,1,0,0,17.2,0.0,0.0,5.2,3.2,0,0,0,1.3752248732012853,05,0,0,0,0,1,0,0,0,0,0,0,0,5021
20190503,4812,6324,4793,46976,42354,43906,45894,fri,1,0,0,0,0,0,0,18.9,0.0,0.0,4.6,2.6,0,0,0,0.12328002563845958,05,0,0,0,0,1,0,0,0,0,0,0,0,4637
20190504,3954,4812,6324,51311,46775,46976,43906,sat,0,0,1,0,0,0,0,19.2,0.0,0.0,2.8,1.4,1,0,1,-0.5871489950023502,05,0,0,0,0,1,0,0,0,0,0,0,0,4205
20190505,4888,3954,4812,37964,34142,51311,46976,sun,0,0,0,1,0,0,0,19.0,0.0,0.0,4.3,2.0,1,1,1,0.18620847035722596,05,0,0,0,0,1,0,0,0,0,0,0,0,3647
20190506,7517,4888,3954,38401,33949,37964,51311,mon,0,1,0,0,0,0,0,15.9,0.0,0.0,6.0,3.2,0,0,0,2.363035854115605,05,0,0,0,0,1,0,0,0,0,0,0,0,3177
20190507,5368,7517,4888,38471,34244,38401,37964,tue,0,0,0,0,0,1,0,15.6,0.0,0.0,4.1,2.6,0,0,0,0.5836512791073293,05,0,0,0,0,1,0,0,0,0,0,0,0,3663
20190508,5099,5368,7517,40905,35626,38471,38401,wed,0,0,0,0,0,0,1,16.3,0.0,0.0,3.9,1.8,0,0,0,0.3609177050369589,05,0,0,0,0,1,0,0,0,0,0,0,0,3891
20190509,5048,5099,5368,40779,36860,40905,38471,thu,0,0,0,0,1,0,0,17.4,0.0,0.0,3.6,2.0,0,0,0,0.3186894066072604,05,0,0,0,0,1,0,0,0,0,0,0,0,3874
20190510,4668,5048,5099,41295,36670,40779,40905,fri,1,0,0,0,0,0,0,17.6,0.0,0.0,3.3,1.8,0,0,0,0.004047183013428566,05,0,0,0,0,1,0,0,0,0,0,0,0,3594
20190511,4379,4668,5048,43005,38516,41295,40779,sat,0,0,1,0,0,0,0,18.5,0.0,0.0,3.9,2.1,1,0,1,-0.23524650808819617,05,0,0,0,0,1,0,0,0,0,0,0,0,3610
20190512,6288,4379,4668,38744,34591,43005,41295,sun,0,0,0,1,0,0,0,18.7,0.0,0.0,6.1,2.0,1,1,1,1.3454166625450275,05,0,0,0,0,1,0,0,0,0,0,0,0,3442
20190513,4909,6288,4379,44466,39888,38744,43005,mon,0,1,0,0,0,0,0,20.1,0.03,0.0,6.1,2.2,0,0,0,0.20359659324004298,05,0,0,0,0,1,0,0,0,0,0,0,0,3418
20190514,5320,4909,6288,42799,37445,44466,38744,tue,0,0,0,0,0,1,0,20.5,0.05,0.0,6.6,2.7,0,0,0,0.543906998232319,05,0,0,0,0,1,0,0,0,0,0,0,0,3733
20190515,5417,5320,4909,48566,40342,42799,44466,wed,0,0,0,0,0,0,1,21.2,0.0,0.0,7.8,2.9,0,0,0,0.6242235658339024,05,0,0,0,0,1,0,0,0,0,0,0,0,3716
20190516,5627,5417,5320,44058,39881,48566,42799,thu,0,0,0,0,1,0,0,23.2,0.0,0.0,6.7,2.4,0,0,0,0.7981047946620726,05,0,0,0,0,1,0,0,0,0,0,0,0,3956
20190517,4765,5627,5417,42353,38146,44058,48566,fri,1,0,0,0,0,0,0,21.2,10.68,12.0,7.9,3.6,0,0,0,0.08436375061501196,05,0,0,0,0,1,0,0,0,0,0,0,0,3645
20190518,4050,4765,5627,41325,36703,42353,44058,sat,0,0,1,0,0,0,0,20.6,22.07,19.6,11.3,5.6,1,0,1,-0.5076604332523296,05,0,0,0,0,1,0,0,0,0,0,0,0,2797
20190519,5875,4050,4765,40934,36378,41325,42353,sun,0,0,0,1,0,0,0,21.4,0.7,0.0,7.3,4.6,1,0,1,1.003450245849626,05,0,0,0,0,1,0,0,0,0,0,0,0,2883
20190520,5401,5875,4050,45207,40497,40934,41325,mon,0,1,0,0,0,0,0,17.3,1.95,0.8,6.6,4.0,0,0,0,0.6109754722088989,05,0,0,0,0,1,0,0,0,0,0,0,0,3242
20190521,5407,5401,5875,40550,36678,45207,40934,tue,0,0,0,0,0,1,0,19.2,0.0,0.0,6.5,3.5,0,0,0,0.6159435073182752,05,0,0,0,0,1,0,0,0,0,0,0,0,4007
20190522,5324,5407,5401,43424,38869,40550,45207,wed,0,0,0,0,0,0,1,23.4,0.0,0.0,7.2,4.1,0,0,0,0.5472190216385698,05,0,0,0,0,1,0,0,0,0,0,0,0,3912
20190523,5200,5324,5407,42669,38092,43424,40550,thu,0,0,0,0,1,0,0,26.2,0.0,0.0,7.9,4.7,0,0,0,0.4445462960447931,05,0,0,0,0,1,0,0,0,0,0,0,0,4292
20190524,4935,5200,5324,44001,38636,42669,43424,fri,1,0,0,0,0,0,0,28.4,0.0,0.0,8.0,4.9,0,0,0,0.22512474538067356,05,0,0,0,0,1,0,0,0,0,0,0,0,4095
20190525,4466,4935,5200,45115,39962,44001,42669,sat,0,0,1,0,0,0,0,23.3,0.0,0.0,6.0,2.6,1,0,1,-0.16320999900223995,05,0,0,0,0,1,0,0,0,0,0,0,0,3964
20190526,6151,4466,4935,40585,35844,45115,44001,sun,0,0,0,1,0,0,0,23.1,0.83,0.0,5.3,2.1,1,0,1,1.2319798608809356,05,0,0,0,0,1,0,0,0,0,0,0,0,3449
20190527,4982,6151,4466,38717,33634,40585,45115,mon,0,1,0,0,0,0,0,20.7,12.72,9.8,11.2,4.5,0,0,0,0.2640410204041212,05,0,0,0,0,1,0,0,0,0,0,0,0,2382
20190528,5304,4982,6151,41916,37468,38717,40585,tue,0,0,0,0,0,1,0,18.9,0.0,0.0,4.8,2.6,0,0,0,0.5306589046073156,05,0,0,0,0,1,0,0,0,0,0,0,0,4237
20190529,5322,5304,4982,42573,37825,41916,38717,wed,0,0,0,0,0,0,1,22.3,0.0,0.0,5.0,2.8,0,0,0,0.5455630099354444,05,0,0,0,0,1,0,0,0,0,0,0,0,4157
20190530,5458,5322,5304,40376,35452,42573,41916,thu,0,0,0,0,1,0,0,21.7,1.8,0.0,4.3,1.8,0,0,0,0.6581718057479737,05,0,0,0,0,1,0,0,0,0,0,0,0,4392
20190531,4580,5458,5322,42044,37154,40376,42573,fri,1,0,0,0,0,0,0,17.9,6.9,0.6,6.8,2.9,0,0,0,-0.06881733192409038,05,0,0,0,0,1,0,0,0,0,0,0,0,3744
20190601,4519,4580,5458,47522,42492,42044,40376,sat,0,0,1,0,0,0,0,19.0,0.0,0.0,5.1,2.0,1,0,1,-0.11932568886941602,06,0,0,0,0,0,1,0,0,0,0,0,0,4133
20190602,6128,4519,4580,44180,39317,47522,42044,sun,0,0,0,1,0,0,0,20.1,0.0,0.0,4.0,1.8,1,0,1,1.212935726294993,06,0,0,0,0,0,1,0,0,0,0,0,0,3684
20190603,5750,6128,4519,45733,40796,44180,47522,mon,0,1,0,0,0,0,0,20.9,0.0,0.0,3.4,1.7,0,0,0,0.8999495144042866,06,0,0,0,0,0,1,0,0,0,0,0,0,3939
20190604,5872,5750,6128,44686,40162,45733,44180,tue,0,0,0,0,0,1,0,22.8,0.0,0.0,6.1,2.7,0,0,0,1.0009662282949379,06,0,0,0,0,0,1,0,0,0,0,0,0,4358
20190605,4673,5872,5750,48122,42719,44686,45733,wed,0,0,0,0,0,0,1,22.5,0.0,0.0,3.7,1.7,0,0,0,0.008187212271242143,06,0,0,0,0,0,1,0,0,0,0,0,0,4365
20190606,3348,4673,5872,52928,46056,48122,44686,thu,0,0,0,0,1,0,0,23.6,6.07,13.3,11.4,3.2,0,1,1,-1.0889205410493557,06,0,0,0,0,0,1,0,0,0,0,0,0,3458
20190607,5092,3348,4673,37556,31943,52928,48122,fri,1,0,0,0,0,0,0,19.6,0.0,0.0,10.2,6.1,0,0,0,0.35512166407601986,06,0,0,0,0,0,1,0,0,0,0,0,0,3416
20190608,4355,5092,3348,39207,34239,37556,52928,sat,0,0,1,0,0,0,0,19.9,1.03,0.2,6.0,2.7,1,0,1,-0.2551186485257014,06,0,0,0,0,0,1,0,0,0,0,0,0,3781
20190609,6859,4355,5092,43047,38677,39207,37556,sun,0,0,0,1,0,0,0,20.2,0.0,0.0,7.0,3.1,1,0,1,1.818208003787338,06,0,0,0,0,0,1,0,0,0,0,0,0,4116
20190610,5371,6859,4355,43924,39073,43047,39207,mon,0,1,0,0,0,0,0,20.2,0.0,0.0,7.2,3.2,0,0,0,0.5861352966620175,06,0,0,0,0,0,1,0,0,0,0,0,0,3974
20190611,5074,5371,6859,41364,36825,43924,43047,tue,0,0,0,0,0,1,0,20.2,0.05,0.0,5.8,2.7,0,0,0,0.340217558747891,06,0,0,0,0,0,1,0,0,0,0,0,0,4067
20190612,5105,5074,5371,42527,37804,41364,43924,wed,0,0,0,0,0,0,1,19.9,0.0,0.0,4.8,2.1,0,0,0,0.3658857401463352,06,0,0,0,0,0,1,0,0,0,0,0,0,3857
20190613,5314,5105,5074,45581,40364,42527,41364,thu,0,0,0,0,1,0,0,21.9,0.0,0.0,7.2,2.6,0,0,0,0.5389389631229426,06,0,0,0,0,0,1,0,0,0,0,0,0,4310
20190614,4126,5314,5105,44813,39720,45581,42527,fri,1,0,0,0,0,0,0,19.4,19.08,43.5,6.8,2.9,0,0,0,-0.44473198853356316,06,0,0,0,0,0,1,0,0,0,0,0,0,3130
20190615,4308,4126,5314,46478,41102,44813,45581,sat,0,0,1,0,0,0,0,20.1,0.48,0.3,6.6,3.7,1,0,1,-0.29403492354914895,06,0,0,0,0,0,1,0,0,0,0,0,0,3586
20190616,6195,4308,4126,42550,37736,46478,44813,sun,0,0,0,1,0,0,0,20.6,0.0,0.0,5.1,3.5,1,0,1,1.268412118349695,06,0,0,0,0,0,1,0,0,0,0,0,0,3318
20190617,5771,6195,4308,43870,38428,42550,46478,mon,0,1,0,0,0,0,0,20.8,0.0,0.0,3.2,1.7,0,0,0,0.9173376372871036,06,0,0,0,0,0,1,0,0,0,0,0,0,3765
20190618,5423,5771,6195,40548,35449,43870,42550,tue,0,0,0,0,0,1,0,21.6,6.63,1.0,4.2,1.6,0,0,0,0.6291916009432786,06,0,0,0,0,0,1,0,0,0,0,0,0,4105
20190619,6047,5423,5771,43711,37025,40548,43870,wed,0,0,0,0,0,0,1,21.7,0.0,0.0,5.6,2.5,0,0,0,1.145867252318413,06,0,0,0,0,0,1,0,0,0,0,0,0,4810
20190620,5537,6047,5423,44695,39600,43711,40548,thu,0,0,0,0,1,0,0,22.0,0.0,0.0,2.8,1.5,0,0,0,0.7235842680214283,06,0,0,0,0,0,1,0,0,0,0,0,0,4736
20190621,4906,5537,6047,45017,39884,44695,43711,fri,1,0,0,0,0,0,0,22.6,0.0,0.0,3.4,1.8,0,0,0,0.20111257568535482,06,0,0,0,0,0,1,0,0,0,0,0,0,4486
20190622,5048,4906,5537,45824,40320,45017,44695,sat,0,0,1,0,0,0,0,22.1,0.0,0.0,7.2,2.9,1,0,1,0.3186894066072604,06,0,0,0,0,0,1,0,0,0,0,0,0,3824
20190623,7097,5048,4906,44735,39911,45824,45017,sun,0,0,0,1,0,0,0,21.1,0.0,0.0,6.1,2.8,1,0,1,2.015273396459264,06,0,0,0,0,0,1,0,0,0,0,0,0,4219
20190624,7336,7097,5048,45679,40507,44735,45824,mon,0,1,0,0,0,0,0,21.6,0.0,0.0,6.1,2.2,0,0,0,2.213166794982753,06,0,0,0,0,0,1,0,0,0,0,0,0,5489
20190625,6851,7336,7097,41763,36887,45679,44735,tue,0,0,0,0,0,1,0,24.2,0.0,0.0,6.0,3.3,0,0,0,1.8115839569748362,06,0,0,0,0,0,1,0,0,0,0,0,0,6892
20190626,6308,6851,7336,40040,35170,41763,45679,wed,0,0,0,0,0,0,1,22.1,16.23,85.1,5.3,2.3,0,0,0,1.3619767795762818,06,0,0,0,0,0,1,0,0,0,0,0,0,4963
20190627,5686,6308,6851,40949,35451,40040,41763,thu,0,0,0,0,1,0,0,23.1,2.12,0.0,5.0,2.9,0,0,0,0.8469571399042728,06,0,0,0,0,0,1,0,0,0,0,0,0,6133
20190628,4802,5686,6308,38730,33781,40949,40040,fri,1,0,0,0,0,0,0,23.5,0.0,0.0,3.6,1.8,0,0,0,0.11499996712283243,06,0,0,0,0,0,1,0,0,0,0,0,0,5385
20190629,4116,4802,5686,36881,31840,38730,40949,sat,0,0,1,0,0,0,0,25.2,4.98,2.0,11.4,3.5,1,0,1,-0.45301204704919035,06,0,0,0,0,0,1,0,0,0,0,0,0,3154
20190630,6276,4116,4802,39653,34563,36881,38730,sun,0,0,0,1,0,0,0,23.4,4.48,0.4,5.1,2.5,1,0,1,1.335480592326275,06,0,0,0,0,0,1,0,0,0,0,0,0,3401
20190701,6856,6276,4116,41396,36296,39653,36881,mon,0,1,0,0,0,0,0,23.4,5.73,1.9,3.7,1.4,0,0,0,1.8157239862326497,07,0,0,0,0,0,0,1,0,0,0,0,0,4097
20190702,6025,6856,6276,37439,33142,41396,39653,tue,0,0,0,0,0,1,0,23.3,0.0,0.0,3.5,1.8,0,0,0,1.1276511235840334,07,0,0,0,0,0,0,1,0,0,0,0,0,5512
20190703,5669,6025,6856,40532,35665,37439,41396,wed,0,0,0,0,0,0,1,22.6,0.0,0.0,5.5,2.0,0,0,0,0.8328810404277066,07,0,0,0,0,0,0,1,0,0,0,0,0,5585
20190704,5424,5669,6025,42171,37152,40532,37439,thu,0,0,0,0,1,0,0,22.3,0.0,0.0,3.5,1.7,0,0,0,0.6300196067948414,07,0,0,0,0,0,0,1,0,0,0,0,0,4705
20190705,4473,5424,5669,40619,35787,42171,40532,fri,1,0,0,0,0,0,0,23.9,0.0,0.0,6.4,2.3,0,0,0,-0.15741395804130093,07,0,0,0,0,0,0,1,0,0,0,0,0,3775
20190706,4482,4473,5424,42085,36971,40619,42171,sat,0,0,1,0,0,0,0,23.8,0.0,0.0,6.6,3.2,1,0,1,-0.1499619053772365,07,0,0,0,0,0,0,1,0,0,0,0,0,3261
20190707,5943,4482,4473,41387,36353,42085,40619,sun,0,0,0,1,0,0,0,23.3,0.75,0.0,7.4,4.0,1,0,1,1.0597546437558907,07,0,0,0,0,0,0,1,0,0,0,0,0,3067
20190708,6132,5943,4482,41234,36212,41387,42085,mon,0,1,0,0,0,0,0,21.8,2.72,3.7,5.3,3.1,0,0,0,1.2162477497012438,07,0,0,0,0,0,0,1,0,0,0,0,0,3601
20190709,5790,6132,5943,37190,32526,41234,41387,tue,0,0,0,0,0,1,0,22.0,7.53,2.2,4.4,2.8,0,0,0,0.9330697484667952,07,0,0,0,0,0,0,1,0,0,0,0,0,4544
20190710,5214,5790,6132,39170,34319,37190,41234,wed,0,0,0,0,0,0,1,21.4,19.3,104.7,6.9,3.7,0,0,0,0.45613837796667117,07,0,0,0,0,0,0,1,0,0,0,0,0,3125
20190711,5333,5214,5790,43627,38131,39170,37190,thu,0,0,0,0,1,0,0,23.2,2.13,1.2,6.9,4.0,0,0,0,0.5546710743026343,07,0,0,0,0,0,0,1,0,0,0,0,0,4569
20190712,4824,5333,5214,40991,35783,43627,39170,fri,1,0,0,0,0,0,0,23.3,2.42,0.4,3.8,2.2,0,0,0,0.13321609585721217,07,0,0,0,0,0,0,1,0,0,0,0,0,4011
20190713,4523,4824,5333,43803,38334,40991,43627,sat,0,0,1,0,0,0,0,21.6,11.92,13.4,4.5,2.2,1,0,1,-0.11601366546316516,07,0,0,0,0,0,0,1,0,0,0,0,0,2840
20190714,7192,4523,4824,43931,38955,43803,40991,sun,0,0,0,1,0,0,0,24.2,0.0,0.0,3.7,1.8,1,0,1,2.0939339523577223,07,0,0,0,0,0,0,1,0,0,0,0,0,3599
20190715,6109,7192,4523,42186,37379,43931,43803,mon,0,1,0,0,0,0,0,24.2,0.0,0.0,4.5,2.1,0,0,0,1.1972036151153014,07,0,0,0,0,0,0,1,0,0,0,0,0,3815
20190716,6501,6109,7192,39269,34482,42186,43931,tue,0,0,0,0,0,1,0,24.8,0.0,0.0,8.0,3.2,0,0,0,1.521781908927886,07,0,0,0,0,0,0,1,0,0,0,0,0,4811
20190717,5332,6501,6109,40301,35443,39269,42186,wed,0,0,0,0,0,0,1,25.0,3.63,6.8,6.4,2.9,0,0,0,0.5538430684510716,07,0,0,0,0,0,0,1,0,0,0,0,0,4769
20190718,5119,5332,6501,40794,36117,40301,39269,thu,0,0,0,0,1,0,0,24.2,8.0,21.3,5.0,2.5,0,0,0,0.3774778220682132,07,0,0,0,0,0,0,1,0,0,0,0,0,4616
20190719,3913,5119,5332,28448,25622,40794,40301,fri,1,0,0,0,0,0,0,24.1,24.0,187.7,8.4,3.8,0,0,0,-0.6210972349164215,07,0,0,0,0,0,0,1,0,0,0,0,0,3320
20190720,4090,3913,5119,30801,26396,28448,40794,sat,0,0,1,0,0,0,0,25.7,16.38,43.8,9.6,5.4,1,0,1,-0.47454019918982093,07,0,0,0,0,0,0,1,0,0,0,0,0,2747
20190721,5466,4090,3913,44979,39248,30801,28448,sun,0,0,0,1,0,0,0,27.3,0.0,0.0,7.7,3.9,1,0,1,0.6647958525604755,07,0,0,0,0,0,0,1,0,0,0,0,0,4006
20190722,5726,5466,4090,44528,39052,44979,30801,mon,0,1,0,0,0,0,0,27.1,2.55,108.3,5.7,2.1,0,0,0,0.8800773739667814,07,0,0,0,0,0,0,1,0,0,0,0,0,4094
20190723,6100,5726,5466,40628,35806,44528,44979,tue,0,0,0,0,0,1,0,27.6,0.0,0.0,5.0,2.3,0,0,0,1.189751562451237,07,0,0,0,0,0,0,1,0,0,0,0,0,5194
20190724,5643,6100,5726,43490,38398,40628,44528,wed,0,0,0,0,0,0,1,27.9,0.0,0.0,4.9,2.3,0,0,0,0.8113528882870761,07,0,0,0,0,0,0,1,0,0,0,0,0,5203
20190725,5688,5643,6100,45234,40000,43490,40628,thu,0,0,0,0,1,0,0,27.9,0.0,0.0,5.0,2.2,0,0,0,0.8486131516073983,07,0,0,0,0,0,0,1,0,0,0,0,0,5157
20190726,5654,5688,5643,45420,39737,45234,43490,fri,1,0,0,0,0,0,0,27.8,0.0,0.0,4.4,1.9,0,0,0,0.8204609526542659,07,0,0,0,0,0,0,1,0,0,0,0,0,4829
20190727,4847,5654,5688,53083,45708,45420,45234,sat,0,0,1,0,0,0,0,28.1,1.42,14.7,4.0,1.6,1,0,1,0.15226023044315462,07,0,0,0,0,0,0,1,0,0,0,0,0,4175
20190728,5610,4847,5654,48085,42810,53083,45420,sun,0,0,0,1,0,0,0,29.3,0.0,0.0,6.2,2.4,1,0,1,0.7840286951855064,07,0,0,0,0,0,0,1,0,0,0,0,0,4255
20190729,5902,5610,4847,47790,42338,48085,53083,mon,0,1,0,0,0,0,0,28.7,0.0,0.0,5.0,2.1,0,0,0,1.0258064038418193,07,0,0,0,0,0,0,1,0,0,0,0,0,4736
20190730,6288,5902,5610,44980,40240,47790,48085,tue,0,0,0,0,0,1,0,30.4,0.0,0.0,6.5,2.4,0,0,0,1.3454166625450275,07,0,0,0,0,0,0,1,0,0,0,0,0,4791
20190731,5028,6288,5902,49818,44793,44980,47790,wed,0,0,0,0,0,0,1,29.5,0.0,0.0,5.3,2.3,0,0,0,0.3021292895760061,07,0,0,0,0,0,0,1,0,0,0,0,0,4758
20190801,4734,5028,6288,52061,46723,49818,44980,thu,0,0,0,0,1,0,0,29.2,0.0,0.0,4.9,2.0,0,0,0,0.05869556921656778,08,0,0,0,0,0,0,0,1,0,0,0,0,4668
20190802,5876,4734,5028,48151,42484,52061,49818,fri,1,0,0,0,0,0,0,28.8,0.0,0.0,6.9,2.9,0,0,0,1.0042782517011888,08,0,0,0,0,0,0,0,1,0,0,0,0,4772
20190803,5137,5876,4734,50526,44942,48151,52061,sat,0,0,1,0,0,0,0,29.0,0.0,0.0,6.8,2.7,1,0,1,0.3923819273963421,08,0,0,0,0,0,0,0,1,0,0,0,0,4503
20190804,5525,5137,5876,49119,43416,50526,48151,sun,0,0,0,1,0,0,0,27.9,0.0,0.0,7.6,3.3,1,0,1,0.7136481978026756,08,0,0,0,0,0,0,0,1,0,0,0,0,4442
20190805,5823,5525,5137,49745,43998,49119,50526,mon,0,1,0,0,0,0,0,27.8,0.0,0.0,5.1,2.4,0,0,0,0.9603939415683649,08,0,0,0,0,0,0,0,1,0,0,0,0,5165
20190806,5369,5823,5525,41013,35855,49745,49119,tue,0,0,0,0,0,1,0,28.8,0.0,0.0,4.0,2.2,0,0,0,0.584479284958892,08,0,0,0,0,0,0,0,1,0,0,0,0,4879
20190807,5148,5369,5823,42731,37378,41013,49745,wed,0,0,0,0,0,0,1,29.6,0.0,0.0,5.0,2.0,0,0,0,0.40148999176353195,08,0,0,0,0,0,0,0,1,0,0,0,0,4785
20190808,5157,5148,5369,44366,38879,42731,41013,thu,0,0,0,0,1,0,0,31.1,0.0,0.0,6.4,3.0,0,0,0,0.4089420444275964,08,0,0,0,0,0,0,0,1,0,0,0,0,5027
20190809,5760,5157,5148,42907,38358,44366,42731,fri,1,0,0,0,0,0,0,30.1,0.0,0.0,5.9,3.4,0,0,0,0.9082295729199138,08,0,0,0,0,0,0,0,1,0,0,0,0,5218
20190810,4822,5760,5157,43545,38808,42907,44366,sat,0,0,1,0,0,0,0,29.5,0.37,0.0,6.7,4.7,1,0,1,0.13156008415408674,08,0,0,0,0,0,0,0,1,0,0,0,0,4743
20190811,4541,4822,5760,44348,38570,43545,42907,sun,0,0,0,1,0,0,0,28.7,18.37,25.0,10.1,5.7,1,0,1,-0.10110956013503629,08,0,0,0,0,0,0,0,1,0,0,0,0,3121
20190812,5707,4541,4822,46940,40577,44348,43545,mon,0,1,0,0,0,0,0,29.7,7.67,12.0,5.7,2.2,0,0,0,0.8643452627870899,08,0,0,0,0,0,0,0,1,0,0,0,0,4674
20190813,6866,5707,4541,45588,40501,46940,44348,tue,0,0,0,0,0,1,0,29.2,0.0,0.0,5.7,2.5,0,0,0,1.824004044748277,08,0,0,0,0,0,0,0,1,0,0,0,0,5447
20190814,5656,6866,5707,47699,41944,45588,46940,wed,0,0,0,0,0,0,1,28.6,0.62,1.2,4.7,2.4,0,0,0,0.8221169643573913,08,0,0,0,0,0,0,0,1,0,0,0,0,5383
20190815,4584,5656,6866,53283,46163,47699,45588,thu,0,0,0,0,1,0,0,27.1,0.08,0.0,6.6,4.1,0,1,1,-0.06550530851783952,08,0,0,0,0,0,0,0,1,0,0,0,0,4681
20190816,4428,4584,5656,42998,36933,53283,47699,fri,1,0,0,0,0,0,0,27.7,1.8,4.5,7.1,4.4,0,0,0,-0.19467422136162313,08,0,0,0,0,0,0,0,1,0,0,0,0,4201
20190817,41,4428,4584,44321,36767,42998,53283,sat,0,0,1,0,0,0,0,28.8,0.0,0.0,5.8,3.1,1,0,1,-3.8271358921672554,08,0,0,0,0,0,0,0,1,0,0,0,0,11
20190818,46,41,4428,46432,40716,44321,42998,sun,0,0,0,1,0,0,0,27.2,0.0,0.0,3.5,2.0,1,0,1,-3.822995862909442,08,0,0,0,0,0,0,0,1,0,0,0,0,51
20190819,296,46,41,47752,41976,46432,44321,mon,0,1,0,0,0,0,0,26.3,0.0,0.0,4.0,1.9,0,0,0,-3.615994400018763,08,0,0,0,0,0,0,0,1,0,0,0,0,417
20190820,1485,296,46,42406,37202,47752,46432,tue,0,0,0,0,0,1,0,27.1,2.3,0.1,6.9,3.4,0,0,0,-2.6314954425106944,08,0,0,0,0,0,0,0,1,0,0,0,0,1301
20190821,6329,1485,296,43035,37435,42406,47752,wed,0,0,0,0,0,0,1,28.1,2.95,3.4,3.9,1.3,0,0,0,1.3793649024590988,08,0,0,0,0,0,0,0,1,0,0,0,0,6265
20190822,6074,6329,1485,44427,38703,43035,42406,thu,0,0,0,0,1,0,0,28.5,1.82,6.3,7.2,3.2,0,0,0,1.1682234103106064,08,0,0,0,0,0,0,0,1,0,0,0,0,6136
20190823,5722,6074,6329,44460,38779,44427,43035,fri,1,0,0,0,0,0,0,27.4,0.2,0.0,4.3,2.1,0,0,0,0.8767653505605306,08,0,0,0,0,0,0,0,1,0,0,0,0,5776
20190824,4805,5722,6074,46834,41120,44460,44427,sat,0,0,1,0,0,0,0,27.0,0.0,0.0,4.8,2.1,1,0,1,0.11748398467752057,08,0,0,0,0,0,0,0,1,0,0,0,0,4135
20190825,235,4805,5722,46169,40560,46834,44460,sun,0,0,0,1,0,0,0,25.5,0.67,0.1,7.1,2.1,1,0,1,-3.6665027569640887,08,0,0,0,0,0,0,0,1,0,0,0,0,204
20190826,1693,235,4805,47234,41852,46169,46834,mon,0,1,0,0,0,0,0,25.9,3.7,0.3,6.1,2.5,0,0,0,-2.4592702253856498,08,0,0,0,0,0,0,0,1,0,0,0,0,1260
20190827,6685,1693,235,43461,38339,47234,46169,tue,0,0,0,0,0,1,0,26.9,10.93,87.2,6.5,3.0,0,0,0,1.6741349856154255,08,0,0,0,0,0,0,0,1,0,0,0,0,5669
20190828,4807,6685,1693,44705,39601,43461,47234,wed,0,0,0,0,0,0,1,24.8,12.38,33.3,6.0,2.0,0,0,0,0.119139996380646,08,0,0,0,0,0,0,0,1,0,0,0,0,5031
20190903,26,4807,6685,32745,28048,44705,43461,tue,0,0,0,0,0,1,0,24.8,5.32,13.9,6.2,2.2,0,0,0,-3.8395559799406964,09,0,0,0,0,0,0,0,0,1,0,0,0,7
20190904,88,26,4807,32981,27846,32745,44705,wed,0,0,0,0,0,0,1,24.7,9.55,43.0,4.5,1.6,0,0,0,-3.788219617143808,09,0,0,0,0,0,0,0,0,1,0,0,0,132
20190905,1298,88,26,32182,26964,32981,32745,thu,0,0,0,0,1,0,0,26.2,7.12,7.0,4.2,1.6,0,0,0,-2.7863325367529224,09,0,0,0,0,0,0,0,0,1,0,0,0,968
20190906,3229,1298,88,19376,16626,32182,32981,fri,1,0,0,0,0,0,0,26.8,13.6,68.8,10.6,4.2,0,0,0,-1.1874532373853188,09,0,0,0,0,0,0,0,0,1,0,0,0,2873
20190907,2577,3229,1298,13218,9071,19376,32182,sat,0,0,1,0,0,0,0,27.6,8.68,34.3,12.4,6.5,1,0,1,-1.7273130526042093,09,0,0,0,0,0,0,0,0,1,0,0,0,2619
20190908,4581,2577,3229,35460,30062,13218,19376,sun,0,0,0,1,0,0,0,24.5,9.9,19.0,4.4,2.0,1,0,1,-0.06798932607252767,09,0,0,0,0,0,0,0,0,1,0,0,0,3068
20190909,5212,4581,2577,30641,25878,35460,13218,mon,0,1,0,0,0,0,0,26.2,12.2,24.7,5.3,2.7,0,0,0,0.4544823662635457,09,0,0,0,0,0,0,0,0,1,0,0,0,3960
20190910,6282,5212,4581,39387,35124,30641,35460,tue,0,0,0,0,0,1,0,27.0,0.33,0.0,3.9,1.7,0,0,0,1.3404486274356513,09,0,0,0,0,0,0,0,0,1,0,0,0,5313
20190911,5568,6282,5212,47473,42774,39387,30641,wed,0,0,0,0,0,0,1,26.0,2.7,5.0,3.8,1.8,0,0,0,0.7492524494198725,09,0,0,0,0,0,0,0,0,1,0,0,0,4864
20190912,4440,5568,6282,53568,47767,47473,39387,thu,0,0,0,0,1,0,0,24.1,3.23,0.6,4.9,3.2,0,1,1,-0.18473815114287054,09,0,0,0,0,0,0,0,0,1,0,0,0,4201
20190913,4720,4440,5568,45579,39852,53568,47473,fri,1,0,0,0,0,0,0,24.0,0.0,0.0,7.0,3.0,0,1,1,0.047103487294689765,09,0,0,0,0,0,0,0,0,1,0,0,0,4717
20190914,7602,4720,4440,43146,37732,45579,53568,sat,0,0,1,0,0,0,0,24.3,0.0,0.0,4.1,2.1,1,1,1,2.4334163514984355,09,0,0,0,0,0,0,0,0,1,0,0,0,4375
20190915,10814,7602,4720,47024,42380,43146,45579,sun,0,0,0,1,0,0,0,24.6,0.0,0.0,3.7,1.9,1,0,1,5.092971146717877,09,0,0,0,0,0,0,0,0,1,0,0,0,4264
20190916,7634,10814,7602,44868,39517,47024,43146,mon,0,1,0,0,0,0,0,24.6,0.0,0.0,4.0,1.9,0,0,0,2.4599125387484424,09,0,0,0,0,0,0,0,0,1,0,0,0,4574
20190917,6256,7634,10814,45866,39998,44868,47024,tue,0,0,0,0,0,1,0,23.8,0.0,0.0,6.0,2.8,0,0,0,1.3189204752950205,09,0,0,0,0,0,0,0,0,1,0,0,0,5036
20190918,5648,6256,7634,45244,39767,45866,44868,wed,0,0,0,0,0,0,1,23.3,0.0,0.0,4.6,2.4,0,0,0,0.8154929175448896,09,0,0,0,0,0,0,0,0,1,0,0,0,5047
20190919,5933,5648,6256,44700,39348,45244,45866,thu,0,0,0,0,1,0,0,22.8,0.0,0.0,7.3,3.2,0,0,0,1.0514745852402636,09,0,0,0,0,0,0,0,0,1,0,0,0,5096
20190920,4896,5933,5648,39589,33743,44700,45244,fri,1,0,0,0,0,0,0,22.5,2.6,0.0,7.6,3.9,0,0,0,0.19283251716972769,09,0,0,0,0,0,0,0,0,1,0,0,0,4880
20190921,3825,4896,5933,32061,28193,39589,44700,sat,0,0,1,0,0,0,0,20.5,19.85,156.0,10.4,5.3,1,0,1,-0.6939617498539405,09,0,0,0,0,0,0,0,0,1,0,0,0,2680
20190922,2294,3825,4896,8032,6636,32061,39589,sun,0,0,0,1,0,0,0,20.4,21.23,126.2,17.4,9.2,1,0,1,-1.9616387085964577,09,0,0,0,0,0,0,0,0,1,0,0,0,1139
20190923,6054,2294,3825,51261,43555,8032,32061,mon,0,1,0,0,0,0,0,21.0,2.08,0.0,5.1,2.5,0,0,0,1.151663293279352,09,0,0,0,0,0,0,0,0,1,0,0,0,4625
20190924,5836,6054,2294,45688,40482,51261,8032,tue,0,0,0,0,0,1,0,20.4,0.0,0.0,3.5,2.0,0,0,0,0.9711580176386801,09,0,0,0,0,0,0,0,0,1,0,0,0,4711
20190925,5469,5836,6054,45872,40317,45688,51261,wed,0,0,0,0,0,0,1,21.8,0.0,0.0,5.7,2.5,0,0,0,0.6672798701151635,09,0,0,0,0,0,0,0,0,1,0,0,0,5000
20190926,5645,5469,5836,45571,39855,45872,45688,thu,0,0,0,0,1,0,0,23.8,4.18,1.0,6.5,3.6,0,0,0,0.8130088999902015,09,0,0,0,0,0,0,0,0,1,0,0,0,5054
20190927,5280,5645,5469,46025,40239,45571,45872,fri,1,0,0,0,0,0,0,23.8,7.2,36.0,5.6,3.1,0,0,0,0.5107867641698104,09,0,0,0,0,0,0,0,0,1,0,0,0,4621
20190928,4872,5280,5645,46013,40224,46025,45571,sat,0,0,1,0,0,0,0,24.1,1.12,0.7,4.6,2.0,1,0,1,0.1729603767322225,09,0,0,0,0,0,0,0,0,1,0,0,0,4545
20190929,6797,4872,5280,45170,39847,46013,46025,sun,0,0,0,1,0,0,0,24.1,3.02,0.0,3.9,1.5,1,0,1,1.7668716409904497,09,0,0,0,0,0,0,0,0,1,0,0,0,4422
20190930,5729,6797,4872,39957,34212,45170,46013,mon,0,1,0,0,0,0,0,23.6,3.05,22.6,4.2,1.2,0,0,0,0.8825613915214696,09,0,0,0,0,0,0,0,0,1,0,0,0,5227
20191001,5160,5729,6797,36904,32610,39957,45170,tue,0,0,0,0,0,1,0,23.4,15.52,36.3,4.9,2.5,0,0,0,0.41142606198228454,10,0,0,0,0,0,0,0,0,0,1,0,0,4741
20191002,2513,5160,5729,13724,11859,36904,39957,wed,0,0,0,0,0,0,1,24.8,19.27,136.2,9.6,4.9,0,0,0,-1.7803054271042231,10,0,0,0,0,0,0,0,0,0,1,0,0,2721
20191003,4037,2513,5160,52192,44000,13724,36904,thu,0,0,0,0,1,0,0,23.4,7.1,0.2,10.5,5.0,0,1,1,-0.5184245093226448,10,0,0,0,0,0,0,0,0,0,1,0,0,4728
20191004,6504,4037,2513,50723,45207,52192,13724,fri,1,0,0,0,0,0,0,23.1,0.0,0.0,3.6,2.0,0,0,0,1.524265926482574,10,0,0,0,0,0,0,0,0,0,1,0,0,5710
20191005,5633,6504,4037,45126,39929,50723,52192,sat,0,0,1,0,0,0,0,20.8,0.0,0.0,5.5,3.0,1,0,1,0.8030728297714489,10,0,0,0,0,0,0,0,0,0,1,0,0,5456
20191006,6899,5633,6504,46040,41128,45126,50723,sun,0,0,0,1,0,0,0,20.8,3.22,1.0,6.2,2.7,1,0,1,1.8513282378498466,10,0,0,0,0,0,0,0,0,0,1,0,0,5548
20191007,6270,6899,5633,44501,39088,46040,45126,mon,0,1,0,0,0,0,0,21.8,0.67,0.0,6.7,3.3,0,0,0,1.3305125572168985,10,0,0,0,0,0,0,0,0,0,1,0,0,5748
20191008,4843,6270,6899,45610,40602,44501,46040,tue,0,0,0,0,0,1,0,20.5,0.0,0.0,5.7,3.6,0,0,0,0.14894820703690376,10,0,0,0,0,0,0,0,0,0,1,0,0,5000
20191009,1381,4843,6270,46936,41715,45610,44501,wed,0,0,0,0,0,0,1,17.6,0.0,0.0,3.5,1.9,0,1,1,-2.717608051073217,10,0,0,0,0,0,0,0,0,0,1,0,0,1048
20191010,6108,1381,4843,43266,37952,46936,45610,thu,0,0,0,0,1,0,0,19.0,0.0,0.0,4.1,2.1,0,0,0,1.1963756092637388,10,0,0,0,0,0,0,0,0,0,1,0,0,6204
20191011,4886,6108,1381,45236,39351,43266,46936,fri,1,0,0,0,0,0,0,21.0,0.0,0.0,4.2,2.1,0,0,0,0.18455245865410053,10,0,0,0,0,0,0,0,0,0,1,0,0,5953
20191012,4946,4886,6108,45975,40797,45236,43266,sat,0,0,1,0,0,0,0,21.4,0.0,0.0,5.9,2.4,1,0,1,0.23423280974786345,10,0,0,0,0,0,0,0,0,0,1,0,0,4833
20191013,6838,4946,4886,46245,40929,45975,45236,sun,0,0,0,1,0,0,0,19.7,0.0,0.0,6.8,2.9,1,0,1,1.8008198809045208,10,0,0,0,0,0,0,0,0,0,1,0,0,4611
20191014,5481,6838,4946,50089,44420,46245,45975,mon,0,1,0,0,0,0,0,19.3,0.0,0.0,5.8,2.9,0,0,0,0.6772159403339162,10,0,0,0,0,0,0,0,0,0,1,0,0,5153
20191015,5160,5481,6838,49163,42769,50089,46245,tue,0,0,0,0,0,1,0,17.4,6.98,3.2,5.8,2.3,0,0,0,0.41142606198228454,10,0,0,0,0,0,0,0,0,0,1,0,0,4804
20191016,5346,5160,5481,47610,42382,49163,50089,wed,0,0,0,0,0,0,1,18.1,0.0,0.0,4.8,2.4,0,0,0,0.5654351503729496,10,0,0,0,0,0,0,0,0,0,1,0,0,5079
20191017,5516,5346,5160,47827,42448,47610,49163,thu,0,0,0,0,1,0,0,19.3,0.0,0.0,7.1,3.1,0,0,0,0.7061961451386112,10,0,0,0,0,0,0,0,0,0,1,0,0,5231
20191018,5211,5516,5346,49177,43417,47827,47610,fri,1,0,0,0,0,0,0,19.1,12.87,8.3,6.1,3.3,0,0,0,0.45365436041198304,10,0,0,0,0,0,0,0,0,0,1,0,0,4338
20191019,5147,5211,5516,50245,43928,49177,47827,sat,0,0,1,0,0,0,0,19.8,0.63,0.0,4.0,2.3,1,0,1,0.4006619859119692,10,0,0,0,0,0,0,0,0,0,1,0,0,5313
20191020,6859,5147,5211,46861,41411,50245,49177,sun,0,0,0,1,0,0,0,19.1,0.0,0.0,5.2,2.3,1,0,1,1.818208003787338,10,0,0,0,0,0,0,0,0,0,1,0,0,4731
20191021,5743,6859,5147,49567,43996,46861,50245,mon,0,1,0,0,0,0,0,19.9,0.0,0.0,5.8,2.8,0,0,0,0.8941534734433476,10,0,0,0,0,0,0,0,0,0,1,0,0,5147
20191022,5533,5743,6859,46957,41947,49567,46861,tue,0,0,0,0,0,1,0,20.8,0.8,0.5,5.8,2.9,0,0,0,0.7202722446151774,10,0,0,0,0,0,0,0,0,0,1,0,0,5406
20191023,5788,5533,5743,49130,42310,46957,49567,wed,0,0,0,0,0,0,1,20.3,3.67,0.6,6.7,3.1,0,0,0,0.9314137367636698,10,0,0,0,0,0,0,0,0,0,1,0,0,5247
20191024,5787,5788,5533,47865,42701,49130,46957,thu,0,0,0,0,1,0,0,20.1,5.43,2.3,8.3,3.4,0,0,0,0.9305857309121071,10,0,0,0,0,0,0,0,0,0,1,0,0,5330
20191025,5401,5787,5788,48076,42564,47865,49130,fri,1,0,0,0,0,0,0,20.1,0.0,0.0,4.2,2.5,0,0,0,0.6109754722088989,10,0,0,0,0,0,0,0,0,0,1,0,0,5131
20191026,4774,5401,5787,49147,43789,48076,47865,sat,0,0,1,0,0,0,0,16.5,0.0,0.0,6.3,4.3,1,0,1,0.0918158032790764,10,0,0,0,0,0,0,0,0,0,1,0,0,4877
20191027,6170,4774,5401,43693,39140,49147,48076,sun,0,0,0,1,0,0,0,16.0,0.0,0.0,4.5,2.6,1,0,1,1.2477119720606271,10,0,0,0,0,0,0,0,0,0,1,0,0,4385
20191028,5860,6170,4774,45706,40243,43693,49147,mon,0,1,0,0,0,0,0,15.7,0.0,0.0,3.5,2.0,0,0,0,0.9910301580761853,10,0,0,0,0,0,0,0,0,0,1,0,0,4750
20191029,5716,5860,6170,43083,37770,45706,43693,tue,0,0,0,0,0,1,0,17.9,0.0,0.0,5.0,3.1,0,0,0,0.8717973154511542,10,0,0,0,0,0,0,0,0,0,1,0,0,4936
20191030,6244,5716,5860,42805,38622,43083,45706,wed,0,0,0,0,0,0,1,16.3,0.0,0.0,4.1,2.7,0,0,0,1.308984405076268,10,0,0,0,0,0,0,0,0,0,1,0,0,5062
20191031,5788,6244,5716,43979,38863,42805,43083,thu,0,0,0,0,1,0,0,16.5,0.0,0.0,3.8,2.4,0,0,0,0.9314137367636698,10,0,0,0,0,0,0,0,0,0,1,0,0,5417
20191101,5078,5788,6244,47027,41770,43979,42805,fri,1,0,0,0,0,0,0,18.3,0.0,0.0,3.6,2.3,0,0,0,0.34352958215414187,11,0,0,0,0,0,0,0,0,0,0,1,0,5434
20191102,4744,5078,5788,48695,42819,47027,43979,sat,0,0,1,0,0,0,0,18.6,0.0,0.0,6.2,2.5,1,0,1,0.06697562773219494,11,0,0,0,0,0,0,0,0,0,0,1,0,5218
20191103,6716,4744,5078,47999,41194,48695,47027,sun,0,0,0,1,0,0,0,17.5,0.28,0.0,3.3,1.7,1,0,1,1.6998031670138696,11,0,0,0,0,0,0,0,0,0,0,1,0,4333
20191104,6327,6716,4744,45989,40854,47999,48695,mon,0,1,0,0,0,0,0,17.3,0.45,0.0,5.6,2.3,0,0,0,1.3777088907559734,11,0,0,0,0,0,0,0,0,0,0,1,0,4690
20191105,5716,6327,6716,44015,38791,45989,47999,tue,0,0,0,0,0,1,0,17.3,0.45,0.0,4.0,2.1,0,0,0,0.8717973154511542,11,0,0,0,0,0,0,0,0,0,0,1,0,5401
20191106,5437,5716,6327,43739,39692,44015,45989,wed,0,0,0,0,0,0,1,15.8,0.0,0.0,3.6,2.1,0,0,0,0.6407836828651567,11,0,0,0,0,0,0,0,0,0,0,1,0,5248
20191107,5514,5437,5716,45552,40592,43739,44015,thu,0,0,0,0,1,0,0,15.9,0.0,0.0,5.3,2.9,0,0,0,0.7045401334354858,11,0,0,0,0,0,0,0,0,0,0,1,0,5357
20191108,5045,5514,5437,47188,42099,45552,43739,fri,1,0,0,0,0,0,0,13.8,0.0,0.0,4.9,3.1,0,0,0,0.3162053890525723,11,0,0,0,0,0,0,0,0,0,0,1,0,5191
20191109,4947,5045,5514,49049,43577,47188,45552,sat,0,0,1,0,0,0,0,14.4,0.0,0.0,5.9,3.1,1,0,1,0.23506081559942615,11,0,0,0,0,0,0,0,0,0,0,1,0,4922
20191110,6517,4947,5045,44819,40611,49049,47188,sun,0,0,0,1,0,0,0,15.5,0.43,2.9,8.4,3.2,1,0,1,1.5350300025528893,11,0,0,0,0,0,0,0,0,0,0,1,0,4382
20191111,5962,6517,4947,43425,38842,44819,49049,mon,0,1,0,0,0,0,0,17.1,0.67,0.0,8.9,5.3,0,0,0,1.0754867549355822,11,0,0,0,0,0,0,0,0,0,0,1,0,4891
20191112,5763,5962,6517,41499,36665,43425,44819,tue,0,0,0,0,0,1,0,14.7,0.0,0.0,4.2,1.8,0,0,0,0.9107135904746019,11,0,0,0,0,0,0,0,0,0,0,1,0,5347
20191113,6025,5763,5962,44244,40385,41499,43425,wed,0,0,0,0,0,0,1,15.0,3.33,1.7,9.7,2.9,0,0,0,1.1276511235840334,11,0,0,0,0,0,0,0,0,0,0,1,0,5208
20191114,5372,6025,5763,45396,40796,44244,41499,thu,0,0,0,0,1,0,0,11.2,0.0,0.0,8.8,4.1,0,0,0,0.5869633025135802,11,0,0,0,0,0,0,0,0,0,0,1,0,5193
20191115,4981,5372,6025,46580,41860,45396,44244,fri,1,0,0,0,0,0,0,12.1,0.0,0.0,4.1,2.0,0,0,0,0.26321301455255847,11,0,0,0,0,0,0,0,0,0,0,1,0,5492
20191116,4838,4981,5372,47289,42226,46580,45396,sat,0,0,1,0,0,0,0,16.0,0.0,0.0,5.2,2.3,1,0,1,0.1448081777790902,11,0,0,0,0,0,0,0,0,0,0,1,0,5207
20191117,6592,4838,4981,43881,39614,47289,46580,sun,0,0,0,1,0,0,0,20.1,1.68,0.0,5.8,2.4,1,0,1,1.5971304414200929,11,0,0,0,0,0,0,0,0,0,0,1,0,4350
20191118,6090,6592,4838,41356,36452,43881,47289,mon,0,1,0,0,0,0,0,13.7,5.42,6.1,9.5,5.5,0,0,0,1.1814715039356098,11,0,0,0,0,0,0,0,0,0,0,1,0,4603
20191119,5632,6090,6592,38980,34113,41356,43881,tue,0,0,0,0,0,1,0,10.6,0.35,0.0,8.1,5.3,0,0,0,0.8022448239198862,11,0,0,0,0,0,0,0,0,0,0,1,0,4933
20191120,5965,5632,6090,41868,37602,38980,41356,wed,0,0,0,0,0,0,1,9.9,0.0,0.0,7.4,3.2,0,0,0,1.0779707724902705,11,0,0,0,0,0,0,0,0,0,0,1,0,5125
20191121,5481,5965,5632,45060,39965,41868,38980,thu,0,0,0,0,1,0,0,13.1,0.0,0.0,7.1,2.8,0,0,0,0.6772159403339162,11,0,0,0,0,0,0,0,0,0,0,1,0,5609
20191122,5019,5481,5965,45039,39906,45060,41868,fri,1,0,0,0,0,0,0,17.1,0.0,0.0,7.1,2.9,0,0,0,0.29467723691194164,11,0,0,0,0,0,0,0,0,0,0,1,0,5543
20191123,4873,5019,5481,45427,39955,45039,45060,sat,0,0,1,0,0,0,0,18.1,0.0,0.0,5.4,2.9,1,0,1,0.1737883825837852,11,0,0,0,0,0,0,0,0,0,0,1,0,4801
20191124,6848,4873,5019,42049,37886,45427,45039,sun,0,0,0,1,0,0,0,17.3,6.13,4.7,6.6,2.7,1,0,1,1.8090999394201481,11,0,0,0,0,0,0,0,0,0,0,1,0,4244
20191125,6520,6848,4873,41175,36029,42049,45427,mon,0,1,0,0,0,0,0,10.1,0.5,0.0,5.8,3.6,0,0,0,1.5375140201075774,11,0,0,0,0,0,0,0,0,0,0,1,0,4841
20191126,5514,6520,6848,38261,32754,41175,42049,tue,0,0,0,0,0,1,0,13.5,11.7,8.2,8.4,2.5,0,0,0,0.7045401334354858,11,0,0,0,0,0,0,0,0,0,0,1,0,5124
20191127,5789,5514,6520,38924,34732,38261,41175,wed,0,0,0,0,0,0,1,11.1,19.3,3.8,7.6,4.6,0,0,0,0.9322417426152325,11,0,0,0,0,0,0,0,0,0,0,1,0,5026
20191128,5760,5789,5514,44149,39484,38924,38261,thu,0,0,0,0,1,0,0,10.8,0.0,0.0,7.0,3.9,0,0,0,0.9082295729199138,11,0,0,0,0,0,0,0,0,0,0,1,0,5521
20191129,5058,5760,5789,42511,37363,44149,38924,fri,1,0,0,0,0,0,0,9.7,0.0,0.0,5.1,2.8,0,0,0,0.32696946512288755,11,0,0,0,0,0,0,0,0,0,0,1,0,5660
20191130,4558,5058,5760,41475,36584,42511,44149,sat,0,0,1,0,0,0,0,12.5,2.25,0.1,4.0,2.1,1,0,1,-0.08703346065847013,11,0,0,0,0,0,0,0,0,0,0,1,0,4956
20191201,5927,4558,5058,37869,33945,41475,42511,sun,0,0,0,1,0,0,0,12.5,16.97,18.9,9.6,2.7,1,0,1,1.0465065501308872,12,0,0,0,0,0,0,0,0,0,0,0,1,3461
20191202,5448,5927,4558,36057,31943,37869,41475,mon,0,1,0,0,0,0,0,9.9,3.8,0.0,10.4,6.1,0,0,0,0.6498917472323466,12,0,0,0,0,0,0,0,0,0,0,0,1,4312
20191203,5246,5448,5927,33698,29168,36057,37869,tue,0,0,0,0,0,1,0,9.5,0.33,0.0,6.8,4.0,0,0,0,0.4826345652166781,12,0,0,0,0,0,0,0,0,0,0,0,1,4772
20191204,5121,5246,5448,34580,30992,33698,36057,wed,0,0,0,0,0,0,1,11.3,0.0,0.0,5.7,3.6,0,0,0,0.37913383377133864,12,0,0,0,0,0,0,0,0,0,0,0,1,4926
20191205,5490,5121,5246,41197,36917,34580,33698,thu,0,0,0,0,1,0,0,8.7,0.0,0.0,7.4,4.4,0,0,0,0.6846679929979806,12,0,0,0,0,0,0,0,0,0,0,0,1,4969
20191206,4749,5490,5121,41566,36817,41197,34580,fri,1,0,0,0,0,0,0,4.2,0.0,0.0,6.7,4.2,0,0,0,0.0711156569900085,12,0,0,0,0,0,0,0,0,0,0,0,1,4927
20191207,4421,4749,5490,40670,35965,41566,41197,sat,0,0,1,0,0,0,0,7.5,0.0,0.0,5.8,3.8,1,0,1,-0.20047026232256213,12,0,0,0,0,0,0,0,0,0,0,0,1,4228
20191208,6408,4421,4749,40408,36100,40670,41566,sun,0,0,0,1,0,0,0,8.7,0.0,0.0,6.1,2.9,1,0,1,1.4447773647325532,12,0,0,0,0,0,0,0,0,0,0,0,1,3982
20191209,6110,6408,4421,40325,35557,40408,40670,mon,0,1,0,0,0,0,0,10.7,0.0,0.0,4.8,2.4,0,0,0,1.1980316209668642,12,0,0,0,0,0,0,0,0,0,0,0,1,4901
20191210,5793,6110,6408,37236,32458,40325,40408,tue,0,0,0,0,0,1,0,13.3,0.0,0.0,5.5,2.7,0,0,0,0.9355537660214833,12,0,0,0,0,0,0,0,0,0,0,0,1,5227
20191211,6120,5793,6110,37923,33751,37236,40325,wed,0,0,0,0,0,0,1,12.9,0.0,0.0,8.2,4.1,0,0,0,1.2063116794824913,12,0,0,0,0,0,0,0,0,0,0,0,1,5540
20191212,5688,6120,5793,44999,40607,37923,37236,thu,0,0,0,0,1,0,0,8.3,0.0,0.0,6.8,3.7,0,0,0,0.8486131516073983,12,0,0,0,0,0,0,0,0,0,0,0,1,5611
20191213,4825,5688,6120,43434,38407,44999,37923,fri,1,0,0,0,0,0,0,8.6,0.0,0.0,3.2,1.7,0,0,0,0.13404410170877487,12,0,0,0,0,0,0,0,0,0,0,0,1,5696
20191214,4668,4825,5688,43139,37854,43434,44999,sat,0,0,1,0,0,0,0,10.0,0.0,0.0,6.8,2.6,1,0,1,0.004047183013428566,12,0,0,0,0,0,0,0,0,0,0,0,1,4694
20191215,6501,4668,4825,42021,37581,43139,43434,sun,0,0,0,1,0,0,0,12.5,0.0,0.0,5.4,2.4,1,0,1,1.521781908927886,12,0,0,0,0,0,0,0,0,0,0,0,1,4444
20191216,6658,6501,4668,42582,37505,42021,43139,mon,0,1,0,0,0,0,0,14.9,3.08,0.1,5.0,2.6,0,0,0,1.6517788276232321,12,0,0,0,0,0,0,0,0,0,0,0,1,5337
20191217,6320,6658,6501,40247,34708,42582,42021,tue,0,0,0,0,0,1,0,14.1,9.93,7.3,6.1,3.3,0,0,0,1.3719128497950344,12,0,0,0,0,0,0,0,0,0,0,0,1,5497
20191218,7006,6320,6658,40675,36667,40247,42582,wed,0,0,0,0,0,0,1,8.8,0.37,0.0,5.6,4.0,0,0,0,1.9399248639670572,12,0,0,0,0,0,0,0,0,0,0,0,1,6734
20191219,6305,7006,6320,44149,39057,40675,40247,thu,0,0,0,0,1,0,0,7.8,0.0,0.0,5.7,3.7,0,0,0,1.3594927620215937,12,0,0,0,0,0,0,0,0,0,0,0,1,6558
20191220,5272,6305,7006,42663,37638,44149,40675,fri,1,0,0,0,0,0,0,8.4,0.0,0.0,5.3,2.9,0,0,0,0.5041627173573087,12,0,0,0,0,0,0,0,0,0,0,0,1,6331
20191221,5049,5272,6305,44887,38985,42663,44149,sat,0,0,1,0,0,0,0,8.0,0.0,0.0,3.7,1.7,1,0,1,0.31951741245882315,12,0,0,0,0,0,0,0,0,0,0,0,1,5410
20191222,6635,5049,5272,44669,39383,44887,42663,sun,0,0,0,1,0,0,0,9.6,5.48,1.0,5.3,2.3,1,0,1,1.6327346930372897,12,0,0,0,0,0,0,0,0,0,0,0,1,4391
20191223,8138,6635,5049,43388,37724,44669,44887,mon,0,1,0,0,0,0,0,9.4,0.0,0.0,5.4,3.0,0,0,0,2.877227487936051,12,0,0,0,0,0,0,0,0,0,0,0,1,6436
20191224,7162,8138,6635,42101,36546,43388,44669,tue,0,0,0,0,0,1,0,9.2,0.0,0.0,4.6,2.3,0,0,0,2.0690937768108406,12,0,0,0,0,0,0,0,0,0,0,0,1,7221
20191225,5501,7162,8138,42991,39059,42101,43388,wed,0,0,0,0,0,0,1,11.4,1.47,0.1,5.3,2.2,0,1,1,0.6937760573651705,12,0,0,0,0,0,0,0,0,0,0,0,1,6539
20191226,6392,5501,7162,44509,39103,42991,42101,thu,0,0,0,0,1,0,0,9.9,16.05,9.4,10.4,4.2,0,0,0,1.4315292711075498,12,0,0,0,0,0,0,0,0,0,0,0,1,6356
20191227,5829,6392,5501,45236,39810,44509,42991,fri,1,0,0,0,0,0,0,6.7,1.92,0.0,9.5,5.0,0,0,0,0.9653619766777412,12,0,0,0,0,0,0,0,0,0,0,0,1,7118
20191228,4869,5829,6392,46068,40463,45236,44509,sat,0,0,1,0,0,0,0,7.7,0.0,0.0,4.0,2.0,1,0,1,0.17047635917753437,12,0,0,0,0,0,0,0,0,0,0,0,1,6088
20191229,6065,4869,5829,45412,40533,46068,45236,sun,0,0,0,1,0,0,0,11.8,16.83,11.4,5.9,2.9,1,0,1,1.160771357646542,12,0,0,0,0,0,0,0,0,0,0,0,1,4994
20191230,6769,6065,4869,43271,38712,45412,46068,mon,0,1,0,0,0,0,0,11.5,0.18,0.0,7.7,3.9,0,0,0,1.7436874771466935,12,0,0,0,0,0,0,0,0,0,0,0,1,6536
20191231,5550,6769,6065,42914,37042,43271,45412,tue,0,0,0,0,0,1,0,2.9,1.05,0.0,10.0,5.4,0,0,0,0.7343483440917435,12,0,0,0,0,0,0,0,0,0,0,0,1,6454
